RouteUID,RouteID,RouteName,BusRouteType,DepartureStopNameZh,DestinationStopNameZh,SubRouteUID,SubRouteID,SubRouteName,Direction,OperatorIDs,FirstBusTime,LastBusTime
NWT10116,10116,242,11,中和,西門,NWT101160,101160,242,0,16176,0530,1710
NWT10116,10116,242,11,中和,西門,NWT101160,101160,242,1,16176,0530,1710
NWT10143,10143,棕7,11,新店站,臺北市政府,NWT10143,10143,棕7,0,16176,0525,2245
NWT10143,10143,棕7,11,新店站,臺北市政府,NWT10143,10143,棕7,1,16176,0525,2245
NWT10148,10148,702,11,三峽,新北板橋公車站,NWT101480,101480,702,0,16176,0530,2130
NWT10148,10148,702,11,三峽,新北板橋公車站,NWT101480,101480,702,1,16176,0530,2130
NWT10149,10149,624綠野香坡,11,新店,西門,NWT101490,101490,624綠野香坡,0,16176,0730,2000
NWT10149,10149,624綠野香坡,11,新店,西門,NWT101490,101490,624綠野香坡,1,16176,0730,2000
NWT10151,10151,701,11,迴龍,西門,NWT101510,101510,701,0,16176,0530,2220
NWT10151,10151,701,11,迴龍,西門,NWT101510,101510,701,1,16176,0530,2220
NWT10161,10161,231,11,宏國德霖科技大學,捷運西門站,NWT101610,101610,231,0,16176,0530,2000
NWT10161,10161,231,11,宏國德霖科技大學,捷運西門站,NWT101610,101610,231,1,16176,0530,2000
NWT10162,10162,245,11,宏國德霖科技大學,捷運臺大醫院站,NWT10162,10162,245,0,16176,0520,2200
NWT10162,10162,245,11,宏國德霖科技大學,捷運臺大醫院站,NWT10162,10162,245,1,16176,0520,2200
NWT10163,10163,656,11,宏國德霖科技大學,捷運臺大醫院站,NWT158438,158438,656,0,16176,0530,2240
NWT10163,10163,656,11,宏國德霖科技大學,捷運臺大醫院站,NWT158438,158438,656,1,16176,0530,2240
NWT10164,10164,657,11,宏國德霖科技大學,華江橋,NWT10164,10164,657,0,16176,0530,2200
NWT10164,10164,657,11,宏國德霖科技大學,華江橋,NWT10164,10164,657,1,16176,0530,2200
NWT10171,10171,201,11,中和,捷運龍山寺站,NWT101710,101710,201,0,16176,0730,1720
NWT10171,10171,201,11,中和,捷運龍山寺站,NWT101710,101710,201,1,16176,0730,1720
NWT10172,10172,243,11,中和,西門,NWT101720,101720,243,0,16176,0530,2100
NWT10172,10172,243,11,中和,西門,NWT101720,101720,243,1,16176,0530,2100
NWT10172,10172,243,11,中和,西門,NWT159537,159537,243寵物公車,0,16176,0530,2100
NWT10172,10172,243,11,中和,西門,NWT159537,159537,243寵物公車,1,16176,0530,2100
NWT10173,10173,241,11,中和,博愛路,NWT10173,10173,241,0,16176,0520,2200
NWT10173,10173,241,11,中和,博愛路,NWT10173,10173,241,1,16176,0520,2200
NWT10195,10195,705,11,三峽,西門,NWT101950,101950,705,0,16176,0500,2200
NWT10195,10195,705,11,三峽,西門,NWT101950,101950,705,1,16176,0500,2200
NWT10196,10196,706,11,三峽,西門,NWT158514,158514,706,0,16176,0500,2200
NWT10196,10196,706,11,三峽,西門,NWT158514,158514,706,1,16176,0500,2200
NWT10281,10281,藍2,11,新莊,捷運台大醫院站,NWT158434,158434,藍2,0,16177,0530,2300
NWT10281,10281,藍2,11,新莊,捷運台大醫院站,NWT158434,158434,藍2,1,16177,0530,2300
NWT10325,10325,909,11,錦繡山莊,松山機場,NWT158645,158645,909,0,16178,0530,2200
NWT10325,10325,909,11,錦繡山莊,松山機場,NWT158645,158645,909,1,16178,0530,2200
NWT10329,10329,906,11,錦繡山莊,松山機場,NWT10329,10329,906,0,16178,0530,2200
NWT10329,10329,906,11,錦繡山莊,松山機場,NWT10329,10329,906,1,16178,0530,2200
NWT10424,10424,520,11,捷運新北產業園區,捷運民權西路站,NWT10424,10424,520,0,16179,0545,2200
NWT10424,10424,520,11,捷運新北產業園區,捷運民權西路站,NWT10424,10424,520,1,16179,0545,2200
NWT10453,10453,640,11,五股,捷運台大醫院站,NWT158513,158513,640,0,16179,0540,2230
NWT10453,10453,640,11,五股,捷運台大醫院站,NWT158513,158513,640,1,16179,0540,2230
NWT10474,10474,636,11,迴龍,捷運中山站,NWT10474,10474,636,0,16179,0530,2235
NWT10474,10474,636,11,迴龍,捷運中山站,NWT10474,10474,636,1,16179,0530,2235
NWT10475,10475,635,11,龍壽里,臺北,NWT158511,158511,635,0,16179,0700,2030
NWT10475,10475,635,11,龍壽里,臺北,NWT158511,158511,635,1,16179,0700,2030
NWT10491,10491,637,11,五股,臺北,NWT104910,104910,637,0,16179,0520,2235
NWT10491,10491,637,11,五股,臺北,NWT104910,104910,637,1,16179,0520,2235
NWT10492,10492,638,11,五股,捷運南京復興站,NWT104920,104920,638,0,16179,0515,2205
NWT10492,10492,638,11,五股,捷運南京復興站,NWT104920,104920,638,1,16179,0515,2205
NWT10511,10511,639,11,東昇公園,捷運北門站,NWT105110,105110,639,0,16179,0500,2150
NWT10511,10511,639,11,東昇公園,捷運北門站,NWT105110,105110,639,1,16179,0500,2150
NWT10731,10731,綠2左,11,景美女中,中永和,NWT158439,158439,綠2左,0,16181,0600,0000
NWT10731,10731,綠2左,11,景美女中,中永和,NWT158439,158439,綠2左,1,16181,0600,0000
NWT10731,10731,綠2左,11,景美女中,中永和,NWT159609,159609,綠2左寵物公車(暫停營運),0,16181,0600,0000
NWT10731,10731,綠2左,11,景美女中,中永和,NWT159609,159609,綠2左寵物公車(暫停營運),1,16181,0600,0000
NWT10732,10732,綠2右,11,景美女中,中永和,NWT158436,158436,綠2右,0,16181,0530,2345
NWT10732,10732,綠2右,11,景美女中,中永和,NWT158436,158436,綠2右,1,16181,0530,2345
NWT10732,10732,綠2右,11,景美女中,中永和,NWT159538,159538,綠2右寵物公車(暫停營運),0,16181,0530,2345
NWT10732,10732,綠2右,11,景美女中,中永和,NWT159538,159538,綠2右寵物公車(暫停營運),1,16181,0530,2345
NWT10732,10732,綠2右,11,景美女中,中永和,NWT160467,160467,綠2右景美女中,0,16181,0530,2345
NWT10732,10732,綠2右,11,景美女中,中永和,NWT160467,160467,綠2右景美女中,1,16181,0530,2345
NWT10753,10753,666華梵大學,11,景福街,華梵大學,NWT107530,107530,666華梵大學,0,16181,0648,1948
NWT10753,10753,666華梵大學,11,景福街,華梵大學,NWT107530,107530,666華梵大學,1,16181,0648,1948
NWT10772,10772,249,11,華夏科技大學,臺北車站,NWT158435,158435,249,0,16181,0530,2310
NWT10772,10772,249,11,華夏科技大學,臺北車站,NWT158435,158435,249,1,16181,0530,2310
NWT10784,10784,290副,11,景明街口,溪園路,NWT158646,158646,290副,0,16181,0600,2100
NWT10784,10784,290副,11,景明街口,溪園路,NWT158646,158646,290副,1,16181,0600,2100
NWT11244,11244,62,11,三重,東園,NWT158644,158644,62,0,16177,0545,2300
NWT11244,11244,62,11,三重,東園,NWT158644,158644,62,1,16177,0545,2300
NWT15181,15181,248,11,錦繡,民生社區,NWT151810,151810,248,0,16185,0630,1630
NWT15181,15181,248,11,錦繡,民生社區,NWT151810,151810,248,1,16185,0630,1630
NWT15224,15224,631,11,淡水,北投,NWT158440,158440,631,0,16186,0600,2100
NWT15224,15224,631,11,淡水,北投,NWT158440,158440,631,1,16186,0600,2100
NWT15224,15224,631,11,淡水,北投,NWT159211,159211,631繞,0,16186,0600,2100
NWT15224,15224,631,11,淡水,北投,NWT159211,159211,631繞,1,16186,0600,2100
NWT15638,15638,677,11,汐止社后,金龍寺,NWT15638,15638,677,0,16187,0600,2100
NWT15638,15638,677,11,汐止社后,金龍寺,NWT15638,15638,677,1,16187,0600,2100
NWT15717,15717,913,11,錦繡山莊,松山機場,NWT15717,15717,913,0,16178,0540,2210
NWT15717,15717,913,11,錦繡山莊,松山機場,NWT15717,15717,913,1,16178,0540,2210
NWT16113,16113,658,11,板橋,西門,NWT16113,16113,658,0,16176,0530,2240
NWT16113,16113,658,11,板橋,西門,NWT16113,16113,658,1,16176,0530,2240
NWT16123,16123,667,11,板橋,臺北車站,NWT158437,158437,667,0,16176,0530,2230
NWT16123,16123,667,11,板橋,臺北車站,NWT158437,158437,667,1,16176,0530,2230
NWT16189,16189,812,11,三峽,捷運永寧站,NWT157184,157184,812,0,16176,0530,2200
NWT16189,16189,812,11,三峽,捷運永寧站,NWT157184,157184,812,1,16176,0530,2200
NWT16191,16191,藍31,11,五福新村,板橋後站,NWT157186,157186,藍31,0,16176,0530,2130
NWT16191,16191,藍31,11,五福新村,板橋後站,NWT157186,157186,藍31,1,16176,0600,2200
NWT16207,16207,藍44,11,樹林,捷運永寧站,NWT157202,157202,藍44,0,16176,0600,2000
NWT16207,16207,藍44,11,樹林,捷運永寧站,NWT157202,157202,藍44,1,16176,0600,2000
NWT16210,16210,917,11,鶯歌,捷運永寧站,NWT157205,157205,917,0,16176,0630,2100
NWT16210,16210,917,11,鶯歌,捷運永寧站,NWT157205,157205,917,1,16176,0630,2100
NWT16210,16210,917,11,鶯歌,捷運永寧站,NWT159937,159937,917延,0,16176,0630,2100
NWT16210,16210,917,11,鶯歌,捷運永寧站,NWT159937,159937,917延,1,16176,0630,2100
NWT16215,16215,848,11,臺北區監理所,新北板橋公車站,NWT157210,157210,848台北區監理所,0,16176,0830,1820
NWT16215,16215,848,11,臺北區監理所,新北板橋公車站,NWT159112,159112,848捷運府中站,1,16176,0720,1755
NWT16223,16223,807,11,三峽,滿月圓,NWT157218,157218,807,0,16176,0520,1730
NWT16223,16223,807,11,三峽,滿月圓,NWT157218,157218,807,1,16176,0520,1730
NWT16224,16224,922,11,三峽北大社區,捷運永寧站,NWT157219,157219,922,0,16176,0600,2240
NWT16224,16224,922,11,三峽北大社區,捷運永寧站,NWT157219,157219,922,1,16176,0600,2240
NWT16243,16243,綠15,11,伴山別墅(一),捷運大坪林站,NWT157238,157238,綠15,0,16178,0540,2200
NWT16243,16243,綠15,11,伴山別墅(一),捷運大坪林站,NWT157238,157238,綠15,1,16178,0540,2200
NWT16258,16258,819,11,深坑站,捷運七張站,NWT157253,157253,819,0,16181,0600,2200
NWT16258,16258,819,11,深坑站,捷運七張站,NWT157253,157253,819,1,16181,0600,2200
NWT16265,16265,橘1,11,錦繡,捷運景安站,NWT157260,157260,橘1,0,16185,0530,2230
NWT16265,16265,橘1,11,錦繡,捷運景安站,NWT157260,157260,橘1,1,16185,0530,2230
NWT16269,16269,836,11,滬尾砲台,捷運淡水站,NWT157264,157264,836,0,16185,0800,1805
NWT16269,16269,836,11,滬尾砲台,捷運淡水站,NWT157264,157264,836,1,16185,0800,1805
NWT16270,16270,838,11,泰山,捷運關渡站,NWT157265,157265,838,0,16185,0550,1930
NWT16270,16270,838,11,泰山,捷運關渡站,NWT157265,157265,838,1,16185,0550,1930
NWT16274,16274,橘9,11,錦繡,雙和醫院,NWT157269,157269,橘9,0,16185,0555,1935
NWT16274,16274,橘9,11,錦繡,雙和醫院,NWT157269,157269,橘9,1,16185,0555,1935
NWT16282,16282,紅38,11,淡海新市鎮,捷運淡水站,NWT157277,157277,紅38,0,16186,0550,0000
NWT16282,16282,紅38,11,淡海新市鎮,捷運淡水站,NWT157277,157277,紅38,1,16186,0550,0000
NWT16288,16288,紅28,11,淡江大學,捷運淡水站,NWT157283,157283,紅28淡江大學,0,16186,0600,2220
NWT16288,16288,紅28,11,淡江大學,捷運淡水站,NWT160577,160577,紅28捷運淡水站,1,16186,0600,2220
NWT16288,16288,紅28,11,淡江大學,捷運淡水站,NWT160578,160578,紅28,0,16186,0600,2220
NWT16288,16288,紅28,11,淡江大學,捷運淡水站,NWT160578,160578,紅28,1,16186,0600,2220
NWT16294,16294,藍22,11,汐止,南港花園社區,NWT157289,157289,藍22,0,16188,0530,2340
NWT16294,16294,藍22,11,汐止,南港花園社區,NWT157289,157289,藍22,1,16188,0530,2340
NWT16296,16296,藍15,11,汐止,捷運昆陽站,NWT157291,157291,藍15,0,16189,0540,0010
NWT16296,16296,藍15,11,汐止,捷運昆陽站,NWT157291,157291,藍15,1,16189,0540,0010
NWT16296,16296,藍15,11,汐止,捷運昆陽站,NWT159525,159525,藍15寵物友善公車(新北市)(先行取消),0,16189,0540,0010
NWT16296,16296,藍15,11,汐止,捷運昆陽站,NWT159525,159525,藍15寵物友善公車(新北市)(先行取消),1,16189,0540,0010
NWT16393,16393,849,11,烏來,臺北,NWT157389,157389,849,0,16178,0530,2140
NWT16393,16393,849,11,烏來,臺北,NWT157389,157389,849,1,16178,0640,2230
NWT16397,16397,紅51,11,淡海新市鎮,捷運淡水站,NWT157393,157393,紅51,0,16186,0530,2230
NWT16397,16397,紅51,11,淡海新市鎮,捷運淡水站,NWT157393,157393,紅51,1,16186,0530,2230
NWT16405,16405,橘5,11,板橋,捷運景安站,NWT157401,157401,橘5,0,16176,0540,2310
NWT16405,16405,橘5,11,板橋,捷運景安站,NWT157401,157401,橘5,1,16176,0540,2310
NWT16406,16406,8,11,捷運新店站,捷運景安站,NWT157402,157402,8,0,16176,0600,2100
NWT16406,16406,8,11,捷運新店站,捷運景安站,NWT157402,157402,8,1,16176,0600,2100
NWT16407,16407,橘2,11,中和,秀山,NWT157403,157403,橘2,0,16176,0550,2300
NWT16407,16407,橘2,11,中和,秀山,NWT157403,157403,橘2,1,16176,0550,2300
NWT16418,16418,綠10,11,景文科技大學,捷運大坪林站,NWT157414,157414,綠10,0,16178,0600,2240
NWT16418,16418,綠10,11,景文科技大學,捷運大坪林站,NWT157414,157414,綠10,1,16178,0600,2240
NWT16420,16420,綠7,11,黎明清境,捷運大坪林站,NWT157416,157416,綠7,0,16178,0600,2230
NWT16420,16420,綠7,11,黎明清境,捷運大坪林站,NWT157416,157416,綠7,1,16178,0600,2230
NWT16422,16422,923,11,坪林,捷運新店站,NWT157418,157418,923坪林站,0,16178,0630,2110
NWT16422,16422,923,11,坪林,捷運新店站,NWT158940,158940,923捷運新店站(新店路),1,16178,0550,2030
NWT16423,16423,930,11,青潭,板橋,NWT157419,157419,930,0,16178,0530,2230
NWT16423,16423,930,11,青潭,板橋,NWT157419,157419,930,1,16178,0530,2230
NWT16425,16425,811,11,蘆洲,聯合醫院中興院區,NWT157421,157421,811,0,16179,0550,2200
NWT16425,16425,811,11,蘆洲,聯合醫院中興院區,NWT157421,157421,811,1,16179,0550,2200
NWT16427,16427,839,11,新店達觀,捷運新店站,NWT157423,157423,839,0,16183,0550,2300
NWT16427,16427,839,11,新店達觀,捷運新店站,NWT157423,157423,839,1,16183,0550,2300
NWT16429,16429,847,11,樹林,板橋,NWT157425,157425,847,0,16185,0600,2100
NWT16429,16429,847,11,樹林,板橋,NWT157425,157425,847,1,16185,0600,2100
NWT16429,16429,847,11,樹林,板橋,NWT159168,159168,847繞,0,16185,0600,2100
NWT16429,16429,847,11,樹林,板橋,NWT159168,159168,847繞,1,16185,0600,2100
NWT16430,16430,紅36,11,新春街,捷運淡水站,NWT157426,157426,紅36,0,16186,0600,0000
NWT16430,16430,紅36,11,新春街,捷運淡水站,NWT157426,157426,紅36,1,16186,0600,0000
NWT16430,16430,紅36,11,新春街,捷運淡水站,NWT161307,161307,紅36淡水站,0,16186,0600,0000
NWT16430,16430,紅36,11,新春街,捷運淡水站,NWT161308,161308,紅36捷運淡水站,1,16186,0600,0000
NWT16431,16431,紅37,11,淡海新市鎮,捷運淡水站,NWT157427,157427,紅37,0,16186,0540,2330
NWT16431,16431,紅37,11,淡海新市鎮,捷運淡水站,NWT157427,157427,紅37,1,16186,0540,2330
NWT16431,16431,紅37,11,淡海新市鎮,捷運淡水站,NWT159380,159380,紅37新市站(車機),0,16186,0540,2330
NWT16431,16431,紅37,11,淡海新市鎮,捷運淡水站,NWT159381,159381,紅37捷運淡水站(車機),1,16186,0540,2330
NWT16431,16431,紅37,11,淡海新市鎮,捷運淡水站,NWT160947,160947,紅37繞淡水商工新市站,0,16186,0540,2330
NWT16431,16431,紅37,11,淡海新市鎮,捷運淡水站,NWT160948,160948,紅37繞淡水商工捷運淡水站,1,16186,0540,2330
NWT16432,16432,紅39,11,新春街,捷運淡水站,NWT157428,157428,紅39,0,16186,0610,2210
NWT16432,16432,紅39,11,新春街,捷運淡水站,NWT157428,157428,紅39,1,16186,0610,2210
NWT16432,16432,紅39,11,新春街,捷運淡水站,NWT159304,159304,紅39淡水站,0,16186,0610,2210
NWT16432,16432,紅39,11,新春街,捷運淡水站,NWT159305,159305,紅39捷運淡水站,1,16186,0610,2210
NWT16461,16461,707,11,三峽,松山機場,NWT157481,157481,707,0,16176,0530,1930
NWT16461,16461,707,11,三峽,松山機場,NWT157481,157481,707,1,16176,0530,1930
NWT16461,16461,707,11,三峽,松山機場,NWT159612,159612,707寵物公車,0,16176,0530,1930
NWT16461,16461,707,11,三峽,松山機場,NWT159612,159612,707寵物公車,1,16176,0530,1930
NWT16462,16462,910,11,三峽,捷運府中站,NWT157485,157485,910,0,16176,0540,2200
NWT16462,16462,910,11,三峽,捷運府中站,NWT157485,157485,910,1,16176,0540,2200
NWT16463,16463,藍35,11,歡仔園,捷運新埔站,NWT157486,157486,藍35,0,16176,0700,2000
NWT16463,16463,藍35,11,歡仔園,捷運新埔站,NWT157486,157486,藍35,1,16176,0700,2000
NWT16464,16464,藍17,11,五福新村,捷運永寧站,NWT157487,157487,藍17,0,16176,0530,2200
NWT16464,16464,藍17,11,五福新村,捷運永寧站,NWT157487,157487,藍17,1,16176,0530,2200
NWT16466,16466,橘3,11,中和,捷運頂溪站,NWT157489,157489,橘3,0,16176,0600,2200
NWT16466,16466,橘3,11,中和,捷運頂溪站,NWT157489,157489,橘3,1,16176,0600,2200
NWT16466,16466,橘3,11,中和,捷運頂溪站,NWT160037,160037,橘3平日07:00-09:00之時段取消停靠捷運頂溪站,0,16176,0600,2200
NWT16466,16466,橘3,11,中和,捷運頂溪站,NWT160037,160037,橘3平日07:00-09:00之時段取消停靠捷運頂溪站,1,16176,0600,2200
NWT16467,16467,51,11,南雅站,永和,NWT157490,157490,51,0,16176,0550,0550
NWT16467,16467,51,11,南雅站,永和,NWT157490,157490,51,1,16176,0550,0550
NWT16468,16468,57,11,板橋,永和,NWT157491,157491,57,0,16176,0510,2200
NWT16468,16468,57,11,板橋,永和,NWT157491,157491,57,1,16176,0510,2200
NWT16471,16471,藍33,11,五福新村,新北板橋公車站,NWT157494,157494,藍33,0,16176,0700,0815
NWT16471,16471,藍33,11,五福新村,新北板橋公車站,NWT157494,157494,藍33,1,16176,0700,0815
NWT16471,16471,藍33,11,五福新村,新北板橋公車站,NWT159295,159295,藍33繞,0,16176,0700,0815
NWT16471,16471,藍33,11,五福新村,新北板橋公車站,NWT159295,159295,藍33繞,1,16176,0700,0815
NWT16474,16474,843,11,樹林,板橋(捷運府中站),NWT157497,157497,843,0,16176,0600,2200
NWT16474,16474,843,11,樹林,板橋(捷運府中站),NWT157497,157497,843,1,16176,0600,2200
NWT16479,16479,802區,11,新莊,捷運新埔站,NWT157502,157502,802區,0,16177,0545,2300
NWT16479,16479,802區,11,新莊,捷運新埔站,NWT157502,157502,802區,1,16177,0545,2300
NWT16481,16481,綠13,11,青潭,捷運公館站,NWT157504,157504,綠13,0,16178,0530,2230
NWT16481,16481,綠13,11,青潭,捷運公館站,NWT157504,157504,綠13,1,16178,0530,2230
NWT16485,16485,835,11,新北產業園區,捷運台大醫院站,NWT157508,157508,835,0,16179,0530,2100
NWT16485,16485,835,11,新北產業園區,捷運台大醫院站,NWT157508,157508,835,1,16179,0530,2100
NWT16486,16486,藍37,11,龍壽里,捷運板橋站,NWT157509,157509,藍37,0,16179,0535,2345
NWT16486,16486,藍37,11,龍壽里,捷運板橋站,NWT157509,157509,藍37,1,16179,0535,2345
NWT16486,16486,藍37,11,龍壽里,捷運板橋站,NWT161427,161427,藍37龍壽里(車機),0,16179,0535,2345
NWT16486,16486,藍37,11,龍壽里,捷運板橋站,NWT161428,161428,藍37新北板橋公車站(車機),1,16179,0535,2345
NWT16487,16487,藍38,11,東昇公園,新北板橋公車站,NWT157510,157510,藍38,0,16179,0520,0000
NWT16487,16487,藍38,11,東昇公園,新北板橋公車站,NWT157510,157510,藍38,1,16179,0520,0000
NWT16489,16489,橘19,11,五股,三重,NWT157512,157512,橘19,0,16179,0530,2330
NWT16489,16489,橘19,11,五股,三重,NWT157512,157512,橘19,1,16179,0530,2330
NWT16490,16490,橘17,11,新莊中原路,捷運三民高中站,NWT157513,157513,橘17,0,16182,0540,2100
NWT16490,16490,橘17,11,新莊中原路,捷運三民高中站,NWT157513,157513,橘17,1,16182,0540,2100
NWT16491,16491,綠9,11,大香山,慈濟醫院,NWT157514,157514,綠9,0,16183,0900,2300
NWT16491,16491,綠9,11,大香山,慈濟醫院,NWT157514,157514,綠9,1,16183,0900,2300
NWT16492,16492,綠9耕莘,11,大香山,耕莘醫院,NWT157515,157515,綠9耕莘,0,16183,0740,1650
NWT16492,16492,綠9耕莘,11,大香山,耕莘醫院,NWT157515,157515,綠9耕莘,1,16183,0740,1650
NWT16492,16492,綠9耕莘,11,大香山,耕莘醫院,NWT159220,159220,綠9耕莘大千豪景,0,16183,0740,1650
NWT16492,16492,綠9耕莘,11,大香山,耕莘醫院,NWT159220,159220,綠9耕莘大千豪景,1,16183,0740,1650
NWT16493,16493,綠9北新國小,11,大香山,北新國小,NWT157516,157516,綠9北新國小,0,16183,0550,2155
NWT16493,16493,綠9北新國小,11,大香山,北新國小,NWT157516,157516,綠9北新國小,1,16183,0550,2155
NWT16493,16493,綠9北新國小,11,大香山,北新國小,NWT159221,159221,綠9北新國小大千豪景,0,16183,0550,2155
NWT16493,16493,綠9北新國小,11,大香山,北新國小,NWT159221,159221,綠9北新國小大千豪景,1,16183,0550,2155
NWT16497,16497,837,11,新春街,福德里,NWT157520,157520,837,0,16186,0600,2100
NWT16497,16497,837,11,新春街,福德里,NWT157520,157520,837,1,16186,0600,2100
NWT16498,16498,藍21,11,汐止社后,南港車站,NWT157521,157521,藍21,0,16187,0600,2130
NWT16498,16498,藍21,11,汐止社后,南港車站,NWT157521,157521,藍21,1,16187,0600,2130
NWT16499,16499,816,11,三重,捷運士林站,NWT157522,157522,816,0,16189,0530,2200
NWT16499,16499,816,11,三重,捷運士林站,NWT157522,157522,816,1,16189,0530,2200
NWT16500,16500,815,11,三重,故宮博物院,NWT157523,157523,815,0,16189,0530,2230
NWT16500,16500,815,11,三重,故宮博物院,NWT157523,157523,815,1,16189,0530,2230
NWT16500,16500,815,11,三重,故宮博物院,NWT159292,159292,815仙公廟(車機),0,16189,0530,2230
NWT16500,16500,815,11,三重,故宮博物院,NWT159293,159293,815外雙溪(至善)(車機),1,16189,0530,2230
NWT16501,16501,橘16,11,三重,捷運三民高中站,NWT157524,157524,橘16,0,16189,0730,1800
NWT16501,16501,橘16,11,三重,捷運三民高中站,NWT157524,157524,橘16,1,16189,0730,1800
NWT16511,16511,779,11,三峽,新店,NWT157546,157546,779三峽一站,0,16176,0520,2110
NWT16511,16511,779,11,三峽,新店,NWT158948,158948,779捷運新店站(新店路),1,16176,0520,2110
NWT16513,16513,885,11,三峽,捷運頭前庄站,NWT157548,157548,885,0,16177,0515,2130
NWT16513,16513,885,11,三峽,捷運頭前庄站,NWT157548,157548,885,1,16177,0515,2130
NWT16515,16515,858,11,東昇公園,華亞園區,NWT157550,157550,858,0,16179,0450,2100
NWT16515,16515,858,11,東昇公園,華亞園區,NWT157550,157550,858,1,16179,0450,2100
NWT16517,16517,704,11,八里,北門,NWT157552,157552,704,0,16179,0510,2145
NWT16517,16517,704,11,八里,北門,NWT157552,157552,704,1,16179,0510,2145
NWT16518,16518,859,11,泰山,樹林,NWT157553,157553,859,0,16179,0530,2200
NWT16518,16518,859,11,泰山,樹林,NWT157553,157553,859,1,16179,0530,2200
NWT16518,16518,859,11,泰山,樹林,NWT159611,159611,859寵物公車,0,16179,0530,2200
NWT16518,16518,859,11,泰山,樹林,NWT159611,159611,859寵物公車,1,16179,0530,2200
NWT16519,16519,橘22,11,瓊林,捷運新莊站,NWT157554,157554,橘22,0,16179,0630,1830
NWT16519,16519,橘22,11,瓊林,捷運新莊站,NWT157554,157554,橘22,1,16179,0630,1830
NWT16521,16521,704區,11,八里,捷運蘆洲站,NWT157556,157556,704區,0,16179,0550,1740
NWT16521,16521,704區,11,八里,捷運蘆洲站,NWT157556,157556,704區,1,16179,0550,1740
NWT16521,16521,704區,11,八里,捷運蘆洲站,NWT159438,159438,704區繞,0,16179,0550,1740
NWT16521,16521,704區,11,八里,捷運蘆洲站,NWT159438,159438,704區繞,1,16179,0550,1740
NWT16522,16522,881,11,淡海,捷運淡水站,NWT157557,157557,881,0,16185,0530,2200
NWT16522,16522,881,11,淡海,捷運淡水站,NWT157557,157557,881,1,16185,0530,2200
NWT16522,16522,881,11,淡海,捷運淡水站,NWT159493,159493,881行經台北灣,0,16185,0530,2200
NWT16522,16522,881,11,淡海,捷運淡水站,NWT159493,159493,881行經台北灣,1,16185,0530,2200
NWT16526,16526,869,11,台北灣社區,捷運淡水站,NWT157561,157561,869,0,16186,0900,0900
NWT16526,16526,869,11,台北灣社區,捷運淡水站,NWT157561,157561,869,1,16186,0900,0900
NWT16527,16527,878,11,八里,捷運淡水站,NWT157562,157562,878,0,16186,0610,1550
NWT16527,16527,878,11,八里,捷運淡水站,NWT157562,157562,878,1,16186,0610,1550
NWT16527,16527,878,11,八里,捷運淡水站,NWT161057,161057,878延淡水商工,0,16186,0610,1550
NWT16527,16527,878,11,八里,捷運淡水站,NWT161057,161057,878延淡水商工,1,16186,0610,1550
NWT16528,16528,860,11,三芝,捷運淡水站,NWT157563,157563,860,0,16186,0540,2230
NWT16528,16528,860,11,三芝,捷運淡水站,NWT157563,157563,860,1,16186,0540,2230
NWT16528,16528,860,11,三芝,捷運淡水站,NWT159306,159306,860三芝站(車機),0,16186,0540,2230
NWT16528,16528,860,11,三芝,捷運淡水站,NWT159307,159307,860捷運淡水站(車機),1,16186,0540,2230
NWT16529,16529,861,11,馬偕醫學院,捷運淡水站,NWT157564,157564,861馬偕醫學院,0,16186,0555,1700
NWT16529,16529,861,11,馬偕醫學院,捷運淡水站,NWT157564,157564,861馬偕醫學院,1,16186,0555,1700
NWT16529,16529,861,11,馬偕醫學院,捷運淡水站,NWT160457,160457,861三芝,0,16186,0555,1700
NWT16529,16529,861,11,馬偕醫學院,捷運淡水站,NWT160457,160457,861三芝,1,16186,0555,1700
NWT16530,16530,865,11,捷運淡水站,茂林,NWT157565,157565,865,0,16186,0625,0625
NWT16530,16530,865,11,捷運淡水站,茂林,NWT157565,157565,865,1,16186,0625,0625
NWT16531,16531,866,11,捷運淡水站,內橫山,NWT157566,157566,866,0,16186,0845,0845
NWT16531,16531,866,11,捷運淡水站,內橫山,NWT157566,157566,866,1,16186,0845,0845
NWT16532,16532,867,11,捷運淡水站,順天聖母廟,NWT157567,157567,867,0,16186,1135,1135
NWT16532,16532,867,11,捷運淡水站,順天聖母廟,NWT157567,157567,867,1,16186,1135,1135
NWT16535,16535,874,11,捷運淡水站,大湖,NWT157570,157570,874,0,16186,0610,1815
NWT16535,16535,874,11,捷運淡水站,大湖,NWT157570,157570,874,1,16186,0645,1850
NWT16536,16536,875,11,捷運淡水站,北新莊,NWT157571,157571,875,0,16186,0550,2120
NWT16536,16536,875,11,捷運淡水站,北新莊,NWT157571,157571,875,1,16186,0550,2120
NWT16538,16538,877,11,捷運淡水站,石門,NWT157573,157573,877捷運淡水站,0,16186,0645,1535
NWT16538,16538,877,11,捷運淡水站,石門,NWT158932,158932,877石門區公所,1,16186,0745,1635
NWT16542,16542,879,11,馬偕醫學院,關渡,NWT157577,157577,879馬偕醫學院,0,16186,0645,1530
NWT16542,16542,879,11,馬偕醫學院,關渡,NWT157577,157577,879馬偕醫學院,1,16186,0645,1530
NWT16542,16542,879,11,馬偕醫學院,關渡,NWT159460,159460,879三芝,0,16186,0645,1530
NWT16542,16542,879,11,馬偕醫學院,關渡,NWT159460,159460,879三芝,1,16186,0645,1530
NWT16543,16543,882,11,馬偕醫學院,捷運紅樹林站,NWT157578,157578,882,0,16186,0600,2000
NWT16543,16543,882,11,馬偕醫學院,捷運紅樹林站,NWT157578,157578,882,1,16186,1800,1800
NWT16543,16543,882,11,馬偕醫學院,捷運紅樹林站,NWT161417,161417,882捷運紅樹林站,1,16186,1800,1800
NWT16544,16544,藍39,11,汐止社后,南港車站,NWT157579,157579,藍39,0,16187,0600,2330
NWT16544,16544,藍39,11,汐止社后,南港車站,NWT157579,157579,藍39,1,16187,0600,2330
NWT16544,16544,藍39,11,汐止社后,南港車站,NWT159527,159527,藍39寵物友善公車(新北市)(先行取消),0,16187,0600,2330
NWT16544,16544,藍39,11,汐止社后,南港車站,NWT159527,159527,藍39寵物友善公車(新北市)(先行取消),1,16187,0600,2330
NWT16547,16547,808,11,瑞芳火車站(區民廣場),猴硐活動中心,NWT157582,157582,808瑞芳火車站(區民廣場),0,16190,0600,2130
NWT16547,16547,808,11,瑞芳火車站(區民廣場),猴硐活動中心,NWT159111,159111,808猴硐活動中心,1,16190,0620,2150
NWT16548,16548,827,11,瑞芳,福山宮,NWT157583,157583,827瑞芳火車站(區民廣場),0,16190,0740,1700
NWT16548,16548,827,11,瑞芳,福山宮,NWT159179,159179,827福山宮,1,16190,0810,1730
NWT16551,16551,825,11,瑞芳,金瓜石,NWT157586,157586,825瑞芳火車站(區民廣場),0,16190,0930,0930
NWT16551,16551,825,11,瑞芳,金瓜石,NWT158924,158924,825金瓜石(黃金博物館),1,16190,1810,1810
NWT16552,16552,856(台灣好行-黃金福隆線),11,瑞芳火車站,馬崗(三貂角燈塔),NWT157587,157587,856瑞芳火車站(區民廣場),0,16190,0900,1510
NWT16552,16552,856(台灣好行-黃金福隆線),11,瑞芳火車站,馬崗(三貂角燈塔),NWT158926,158926,856馬崗(三貂角燈塔),1,16190,1025,1625
NWT16554,16554,826,11,猴硐遊客中心,水湳洞,NWT157589,157589,826猴硐遊客中心,0,16190,0000,0000
NWT16554,16554,826,11,猴硐遊客中心,水湳洞,NWT158949,158949,826水湳洞,1,16190,0000,0000
NWT16556,16556,888,11,萬里,圳頭,NWT157591,157591,888萬里區公所,0,16190,0605,1750
NWT16556,16556,888,11,萬里,圳頭,NWT158933,158933,888圳頭,1,16190,0620,1810
NWT16560,16560,932,11,三峽北大社區,新北板橋公車站,NWT157596,157596,932,0,16176,0600,2220
NWT16560,16560,932,11,三峽北大社區,新北板橋公車站,NWT157596,157596,932,1,16176,0600,2220
NWT16562,16562,935,11,錦繡山莊,臺北市政府,NWT157598,157598,935,0,16178,0600,2200
NWT16562,16562,935,11,錦繡山莊,臺北市政府,NWT157598,157598,935,1,16178,0600,2200
NWT16564,16564,876,11,捷運淡水站,三芝,NWT158931,158931,876三芝,1,16186,0510,0510
NWT16564,16564,876,11,捷運淡水站,三芝,NWT159451,159451,876,0,16186,0600,1715
NWT16564,16564,876,11,捷運淡水站,三芝,NWT159451,159451,876,1,16186,0510,0510
NWT16565,16565,886,11,瑞芳,和美國小,NWT157601,157601,886瑞芳,0,16190,0535,1600
NWT16565,16565,886,11,瑞芳,和美國小,NWT159117,159117,886和美國小,1,16190,0600,1625
NWT16565,16565,886,11,瑞芳,和美國小,NWT159187,159187,886繞瑞芳,0,16190,0535,1600
NWT16565,16565,886,11,瑞芳,和美國小,NWT159188,159188,886繞龍洞灣,1,16190,0600,1625
NWT16565,16565,886,11,瑞芳,和美國小,NWT161217,161217,886繞威遠廟,0,16190,0535,1600
NWT16571,16571,797,11,五股,臺北,NWT157613,157613,797,0,16185,0610,1700
NWT16571,16571,797,11,五股,臺北,NWT157613,157613,797,1,16185,0610,1700
NWT16573,16573,800,11,樹林,捷運輔大站,NWT157615,157615,800,0,16185,0700,1800
NWT16573,16573,800,11,樹林,捷運輔大站,NWT157615,157615,800,1,16185,0700,1800
NWT16576,16576,799,11,樹林,臺北(經大安路),NWT157618,157618,799,0,16185,0520,1555
NWT16576,16576,799,11,樹林,臺北(經大安路),NWT157618,157618,799,1,16185,0520,1515
NWT16577,16577,871經中山北路,11,捷運淡水站,行忠堂,NWT157619,157619,871經中山北路,0,16186,0535,0535
NWT16577,16577,871經中山北路,11,捷運淡水站,行忠堂,NWT157619,157619,871經中山北路,1,16186,0535,0535
NWT16578,16578,872經正德國中、直行中山北路,11,捷運淡水站,中泰,NWT157620,157620,872經正德國中,0,16186,0530,1850
NWT16578,16578,872經正德國中、直行中山北路,11,捷運淡水站,中泰,NWT157620,157620,872經正德國中,1,16186,0530,1850
NWT16578,16578,872經正德國中、直行中山北路,11,捷運淡水站,中泰,NWT159595,159595,872直行中山北路,0,16186,0530,1850
NWT16578,16578,872經正德國中、直行中山北路,11,捷運淡水站,中泰,NWT159595,159595,872直行中山北路,1,16186,0530,1850
NWT16579,16579,873經正德國中,11,捷運淡水站,中和里,NWT157621,157621,873經正德國中,0,16186,0530,0635
NWT16579,16579,873經正德國中,11,捷運淡水站,中和里,NWT157621,157621,873經正德國中,1,16186,0530,0635
NWT16580,16580,891,11,黃金博物館,保民堂,NWT157622,157622,891,0,16190,1000,1700
NWT16581,16581,275,11,宏國德霖科技大學,松山機場,NWT157623,157623,275,0,16176,0530,2140
NWT16581,16581,275,11,宏國德霖科技大學,松山機場,NWT157623,157623,275,1,16176,0530,2140
NWT16582,16582,橘25,11,蘆洲,捷運三重國小站,NWT157626,157626,橘25,0,16179,0600,1800
NWT16582,16582,橘25,11,蘆洲,捷運三重國小站,NWT157626,157626,橘25,1,16179,0600,1800
NWT16583,16583,936,11,林口,捷運圓山站,NWT157631,157631,936,0,16179,0530,2330
NWT16583,16583,936,11,林口,捷運圓山站,NWT157631,157631,936,1,16179,0530,2330
NWT16583,16583,936,11,林口,捷運圓山站,NWT159338,159338,936師大(林口校區)(車機),0,16179,0530,2330
NWT16583,16583,936,11,林口,捷運圓山站,NWT159339,159339,936庫倫街(車機),1,16179,0530,2330
NWT16584,16584,820,11,泰山,捷運民權西路站,NWT157632,157632,820,0,16189,0620,1700
NWT16584,16584,820,11,泰山,捷運民權西路站,NWT157632,157632,820,1,16189,0620,1700
NWT16585,16585,908,11,三峽,捷運景安站,NWT157633,157633,908,0,16176,0530,2200
NWT16585,16585,908,11,三峽,捷運景安站,NWT157633,157633,908,1,16176,0530,2200
NWT16585,16585,908,11,三峽,捷運景安站,NWT161757,161757,908三峽國小(三鶯國民運動中心)(車機),0,16176,0530,2200
NWT16585,16585,908,11,三峽,捷運景安站,NWT161758,161758,908南華路口(車機),1,16176,0530,2200
NWT16586,16586,藍46,11,二鬮,捷運頂埔站,NWT157634,157634,藍46,0,16176,0600,2100
NWT16586,16586,藍46,11,二鬮,捷運頂埔站,NWT157634,157634,藍46,1,16176,0600,2100
NWT16588,16588,264,11,板橋,捷運蘆洲站,NWT157636,157636,264,0,16176,0500,2200
NWT16588,16588,264,11,板橋,捷運蘆洲站,NWT157636,157636,264,1,16176,0500,2200
NWT16588,16588,264,11,板橋,捷運蘆洲站,NWT159046,159046,264歡仔園,0,16176,0500,2200
NWT16588,16588,264,11,板橋,捷運蘆洲站,NWT159294,159294,264捷運蘆洲站,1,16176,0500,2200
NWT16590,16590,綠12,11,坪林,捷運新店站,NWT157638,157638,綠12坪林站,0,16178,0600,1915
NWT16590,16590,綠12,11,坪林,捷運新店站,NWT158951,158951,綠12捷運新店站(新店路),1,16178,0545,1915
NWT16591,16591,857,11,淡海,板橋,NWT157639,157639,857,0,16179,0440,2220
NWT16591,16591,857,11,淡海,板橋,NWT157639,157639,857,1,16179,0440,2220
NWT16591,16591,857,11,淡海,板橋,NWT159336,159336,857三重客運淡水站(車機),0,16179,0440,2220
NWT16591,16591,857,11,淡海,板橋,NWT159337,159337,857新北板橋公車站(車機),1,16179,0440,2220
NWT16592,16592,橘21,11,龍壽里,新北產業園區,NWT157640,157640,橘21,0,16179,0530,2330
NWT16592,16592,橘21,11,龍壽里,新北產業園區,NWT157640,157640,橘21,1,16179,0530,2330
NWT16593,16593,橘18,11,蘆洲,五華街,NWT157641,157641,橘18,0,16182,0540,2200
NWT16593,16593,橘18,11,蘆洲,五華街,NWT157641,157641,橘18,1,16182,0540,2200
NWT16594,16594,801,11,五股,松山機場,NWT157642,157642,801,0,16185,0510,2200
NWT16594,16594,801,11,五股,松山機場,NWT157642,157642,801,1,16185,0510,2200
NWT16595,16595,803,11,五股,松山機場,NWT157643,157643,803,0,16185,0500,2100
NWT16595,16595,803,11,五股,松山機場,NWT157643,157643,803,1,16185,0500,2100
NWT16599,16599,藍32,11,南雅站,聯合醫院(板橋院區),NWT157647,157647,藍32,0,16176,0600,2100
NWT16599,16599,藍32,11,南雅站,聯合醫院(板橋院區),NWT157647,157647,藍32,1,16176,0600,2100
NWT16601,16601,藍40,11,華克山莊,土城,NWT157649,157649,藍40,0,16176,0630,2000
NWT16601,16601,藍40,11,華克山莊,土城,NWT157649,157649,藍40,1,16176,0630,2000
NWT16602,16602,藍45,11,成福,捷運永寧站,NWT157650,157650,藍45,0,16176,0600,2200
NWT16602,16602,藍45,11,成福,捷運永寧站,NWT157650,157650,藍45,1,16176,0600,2200
NWT16603,16603,920,11,林口,捷運府中站,NWT157651,157651,920,0,16176,0500,2200
NWT16603,16603,920,11,林口,捷運府中站,NWT157651,157651,920,1,16176,0500,2200
NWT16604,16604,925,11,林口,蘆洲,NWT157652,157652,925捷運蘆洲站(車機),1,16176,0500,2200
NWT16604,16604,925,11,林口,蘆洲,NWT158941,158941,925林口站(車機),0,16176,0500,2200
NWT16604,16604,925,11,林口,蘆洲,NWT160357,160357,925,0,16176,0500,2200
NWT16604,16604,925,11,林口,蘆洲,NWT160357,160357,925,1,16176,0500,2200
NWT16606,16606,981,11,北大社區,鶯歌,NWT157654,157654,981,0,16176,0530,2200
NWT16606,16606,981,11,北大社區,鶯歌,NWT157654,157654,981,1,16176,0530,2200
NWT16606,16606,981,11,北大社區,鶯歌,NWT161577,161577,981繞,0,16176,0530,2200
NWT16606,16606,981,11,北大社區,鶯歌,NWT161577,161577,981繞,1,16176,0530,2200
NWT16607,16607,889,11,三峽,捷運亞東醫院站,NWT157655,157655,889,0,16176,0620,2000
NWT16607,16607,889,11,三峽,捷運亞東醫院站,NWT157655,157655,889,1,16176,0620,2000
NWT16608,16608,802,11,三峽,捷運新埔站,NWT157656,157656,802,0,16177,0510,2100
NWT16608,16608,802,11,三峽,捷運新埔站,NWT157656,157656,802,1,16177,0510,2100
NWT16609,16609,842,11,新莊,捷運新埔站,NWT157657,157657,842,0,16177,0600,2100
NWT16609,16609,842,11,新莊,捷運新埔站,NWT157657,157657,842,1,16177,0600,2100
NWT16610,16610,綠5,11,大崎腳,中正環河路口,NWT157658,157658,綠5,0,16178,0530,2230
NWT16610,16610,綠5,11,大崎腳,中正環河路口,NWT157658,157658,綠5,1,16178,0530,2230
NWT16611,16611,綠6,11,美之城,中和,NWT157659,157659,綠6,0,16178,0600,2230
NWT16611,16611,綠6,11,美之城,中和,NWT157659,157659,綠6,1,16178,0600,2230
NWT16612,16612,綠3,11,花園新城,中和,NWT157660,157660,綠3,0,16178,0600,2200
NWT16612,16612,綠3,11,花園新城,中和,NWT157660,157660,綠3,1,16178,0600,2200
NWT16613,16613,綠8,11,台北小城,中和,NWT157661,157661,綠8,0,16178,0600,2230
NWT16613,16613,綠8,11,台北小城,中和,NWT157661,157661,綠8,1,16178,0600,2230
NWT16614,16614,930延,11,大崎腳,板橋,NWT157662,157662,930延,0,16178,0630,1730
NWT16614,16614,930延,11,大崎腳,板橋,NWT157662,157662,930延,1,16178,0630,1730
NWT16619,16619,紅26,11,漁人碼頭,捷運淡水站,NWT157667,157667,紅26,0,16185,0600,0000
NWT16619,16619,紅26,11,漁人碼頭,捷運淡水站,NWT157667,157667,紅26,1,16185,0600,0000
NWT16619,16619,紅26,11,漁人碼頭,捷運淡水站,NWT159324,159324,紅26去(車機),0,16185,0600,0000
NWT16619,16619,紅26,11,漁人碼頭,捷運淡水站,NWT159325,159325,紅26返(車機),1,16185,0600,0000
NWT16619,16619,紅26,11,漁人碼頭,捷運淡水站,NWT159327,159327,紅26未進漁人碼頭去,0,16185,0600,0000
NWT16619,16619,紅26,11,漁人碼頭,捷運淡水站,NWT159328,159328,紅26未進漁人碼頭返,1,16185,0600,0000
NWT16619,16619,紅26,11,漁人碼頭,捷運淡水站,NWT159777,159777,紅26未進漁人碼頭(車機),0,16185,0600,0000
NWT16619,16619,紅26,11,漁人碼頭,捷運淡水站,NWT159777,159777,紅26未進漁人碼頭(車機),1,16185,0600,0000
NWT16620,16620,橘10,11,泰山,蘆洲,NWT157668,157668,橘10,0,16185,0600,1820
NWT16620,16620,橘10,11,泰山,蘆洲,NWT157668,157668,橘10,1,16185,0600,1820
NWT16626,16626,870,11,捷運淡水站,忠山,NWT157674,157674,870,0,16186,0750,1930
NWT16626,16626,870,11,捷運淡水站,忠山,NWT157674,157674,870,1,16186,0750,1930
NWT16627,16627,872,11,捷運淡水站,中泰,NWT157675,157675,872,0,16186,0840,1545
NWT16627,16627,872,11,捷運淡水站,中泰,NWT157675,157675,872,1,16186,0840,1545
NWT16628,16628,871,11,捷運淡水站,行忠堂,NWT157676,157676,871,0,16186,0910,1800
NWT16628,16628,871,11,捷運淡水站,行忠堂,NWT157676,157676,871,1,16186,0910,1800
NWT16629,16629,873,11,捷運淡水站,中和里,NWT157677,157677,873,0,16186,0825,1900
NWT16629,16629,873,11,捷運淡水站,中和里,NWT157677,157677,873,1,16186,0825,1900
NWT16630,16630,868,11,淡水,小坪頂,NWT157678,157678,868,0,16186,0600,1750
NWT16630,16630,868,11,淡水,小坪頂,NWT157678,157678,868,1,16186,0600,1750
NWT16630,16630,868,11,淡水,小坪頂,NWT160937,160937,868行經八勢路一段,0,16186,0600,1750
NWT16630,16630,868,11,淡水,小坪頂,NWT160937,160937,868行經八勢路一段,1,16186,0600,1750
NWT16632,16632,藍23,11,汐止社后,捷運昆陽站,NWT157680,157680,藍23,0,16187,0550,2330
NWT16632,16632,藍23,11,汐止社后,捷運昆陽站,NWT157680,157680,藍23,1,16187,0550,2330
NWT16633,16633,919,11,五堵,捷運忠孝復興站,NWT157681,157681,919,0,16188,0530,2200
NWT16633,16633,919,11,五堵,捷運忠孝復興站,NWT157681,157681,919,1,16188,0530,2200
NWT16635,16635,939,11,三峽,臺北市政府,NWT157696,157696,939,0,16176,0600,2100
NWT16635,16635,939,11,三峽,臺北市政府,NWT157696,157696,939,1,16176,0600,2100
NWT16637,16637,780,11,雙溪火車站,盤山坑,NWT157697,157697,780雙溪火車站,0,16224,0555,1610
NWT16637,16637,780,11,雙溪火車站,盤山坑,NWT158915,158915,780內盤山,1,16224,0635,1650
NWT16641,16641,788,11,基隆,水湳洞,NWT157701,157701,788去水湳洞,0,16190,0500,2230
NWT16641,16641,788,11,基隆,水湳洞,NWT160828,160828,788返水湳洞,1,16190,0500,2200
NWT16641,16641,788,11,基隆,水湳洞,NWT160829,160829,788城隍廟,0,16190,0500,2230
NWT16641,16641,788,11,基隆,水湳洞,NWT160830,160830,788金瓜石(黃金博物館),1,16190,0500,2200
NWT16642,16642,787,11,基隆,瑞芳,NWT159633,159633,787瑞芳至維也納(繞四腳亭農會),1,16190,0610,2215
NWT16642,16642,787,11,基隆,瑞芳,NWT159634,159634,787松竹梅至瑞芳(繞四腳亭農會),0,16190,0510,2110
NWT16643,16643,782,11,雙溪火車站,長源,NWT157703,157703,782雙溪火車站,0,16224,1840,1840
NWT16643,16643,782,11,雙溪火車站,長源,NWT158917,158917,782長源,1,16224,1900,1900
NWT16644,16644,781,11,雙溪火車站,長源,NWT157704,157704,781雙溪火車站,0,16224,0745,1945
NWT16644,16644,781,11,雙溪火車站,長源,NWT158916,158916,781長源,1,16224,0530,1755
NWT16651,16651,864,11,三芝,捷運劍潭站,NWT157715,157715,864,0,16186,0630,1730
NWT16651,16651,864,11,三芝,捷運劍潭站,NWT157715,157715,864,1,16186,0630,1730
NWT16655,16655,937,11,林口,圓山,NWT157719,157719,937,0,16182,0540,2240
NWT16655,16655,937,11,林口,圓山,NWT157719,157719,937,1,16182,0540,2240
NWT16656,16656,839耕莘,11,新店達觀,耕莘醫院,NWT157720,157720,839耕莘,0,16183,0815,1020
NWT16656,16656,839耕莘,11,新店達觀,耕莘醫院,NWT157720,157720,839耕莘,1,16183,0815,1020
NWT16659,16659,880,11,樹林,淡海,NWT157722,157722,880新市站,1,16185,0530,2200
NWT16659,16659,880,11,樹林,淡海,NWT157723,157723,880指南客運樹林站,0,16185,0530,2200
NWT16660,16660,883,11,淡海,捷運丹鳳站,NWT157724,157724,883,0,16185,0545,1500
NWT16660,16660,883,11,淡海,捷運丹鳳站,NWT157724,157724,883,1,16185,,
NWT16662,16662,948,11,林口,新北板橋公車站,NWT157726,157726,948,0,16176,0540,1900
NWT16662,16662,948,11,林口,新北板橋公車站,NWT157726,157726,948,1,16176,0540,1900
NWT16663,16663,藍43,11,三峽,捷運永寧站,NWT157727,157727,藍43,0,16176,0600,2000
NWT16663,16663,藍43,11,三峽,捷運永寧站,NWT157727,157727,藍43,1,16176,0600,2000
NWT16664,16664,921,11,三峽,捷運景安站,NWT157728,157728,921,0,16176,0600,2220
NWT16664,16664,921,11,三峽,捷運景安站,NWT157728,157728,921,1,16176,0600,2220
NWT16664,16664,921,11,三峽,捷運景安站,NWT161759,161759,921三峽二站(車機),0,16176,0600,2220
NWT16664,16664,921,11,三峽,捷運景安站,NWT161760,161760,921南華路口(車機),1,16176,0600,2220
NWT16665,16665,851,11,北大社區,鶯歌高職,NWT157729,157729,851,0,16176,0550,1930
NWT16665,16665,851,11,北大社區,鶯歌高職,NWT157729,157729,851,1,16176,0550,1930
NWT16665,16665,851,11,北大社區,鶯歌高職,NWT159303,159303,851延駛邱厝巷,0,16176,0550,1930
NWT16665,16665,851,11,北大社區,鶯歌高職,NWT159303,159303,851延駛邱厝巷,1,16176,0550,1930
NWT16665,16665,851,11,北大社區,鶯歌高職,NWT159314,159314,851不經二甲,0,16176,0550,1930
NWT16665,16665,851,11,北大社區,鶯歌高職,NWT159314,159314,851不經二甲,1,16176,0550,1930
NWT16666,16666,852,11,北大社區,樹林,NWT157730,157730,852,0,16176,0600,2000
NWT16666,16666,852,11,北大社區,樹林,NWT157730,157730,852,1,16176,0600,2000
NWT16667,16667,橘12,11,二重,捷運三重國小站,NWT157731,157731,橘12,0,16177,0630,1700
NWT16667,16667,橘12,11,二重,捷運三重國小站,NWT157731,157731,橘12,1,16177,0630,1700
NWT16668,16668,橘13,11,三重,五股,NWT157732,157732,橘13,0,16177,0530,2200
NWT16668,16668,橘13,11,三重,五股,NWT157732,157732,橘13,1,16177,0530,2200
NWT16669,16669,橘20,11,觀音山,蘆洲,NWT157733,157733,橘20觀音山遊客中心,0,16179,0540,2000
NWT16669,16669,橘20,11,觀音山,蘆洲,NWT157733,157733,橘20觀音山遊客中心,1,16179,0540,2000
NWT16669,16669,橘20,11,觀音山,蘆洲,NWT159259,159259,橘20加班車捷運蘆洲站,1,16179,0540,2000
NWT16669,16669,橘20,11,觀音山,蘆洲,NWT159260,159260,橘20加班車凌雲寺,0,16179,0540,2000
NWT16669,16669,橘20,11,觀音山,蘆洲,NWT159967,159967,橘20凌雲寺停車場,0,16179,0540,2000
NWT16669,16669,橘20,11,觀音山,蘆洲,NWT159967,159967,橘20凌雲寺停車場,1,16179,0540,2000
NWT16670,16670,810,11,土城,迴龍,NWT157734,157734,810,0,16179,0520,2320
NWT16670,16670,810,11,土城,迴龍,NWT157734,157734,810,1,16179,0520,2320
NWT16671,16671,紅27,11,淡江大學,捷運淡水站,NWT157735,157735,紅27,0,16185,0640,0000
NWT16671,16671,紅27,11,淡江大學,捷運淡水站,NWT157735,157735,紅27,1,16185,0640,0000
NWT16672,16672,938,11,五股,捷運台大醫院站,NWT157736,157736,938,0,16185,0600,1730
NWT16672,16672,938,11,五股,捷運台大醫院站,NWT157736,157736,938,1,16185,0600,1730
NWT16673,16673,紅13,11,八里,捷運關渡站,NWT157737,157737,紅13,0,16186,0625,2100
NWT16673,16673,紅13,11,八里,捷運關渡站,NWT157737,157737,紅13,1,16186,0625,2100
NWT16674,16674,紅22,11,八里,捷運關渡站,NWT157738,157738,紅22,0,16186,0530,2330
NWT16674,16674,紅22,11,八里,捷運關渡站,NWT157738,157738,紅22,1,16186,0530,2330
NWT16674,16674,紅22,11,八里,捷運關渡站,NWT159331,159331,紅22去(車機),0,16186,0530,2330
NWT16674,16674,紅22,11,八里,捷運關渡站,NWT159332,159332,紅22返(車機),1,16186,0530,2330
NWT16674,16674,紅22,11,八里,捷運關渡站,NWT159580,159580,紅22台北港(暫停營運),0,16186,0530,2330
NWT16674,16674,紅22,11,八里,捷運關渡站,NWT159580,159580,紅22台北港(暫停營運),1,16186,0530,2330
NWT16674,16674,紅22,11,八里,捷運關渡站,NWT161277,161277,紅22台北港去,0,16186,0530,2330
NWT16674,16674,紅22,11,八里,捷運關渡站,NWT161278,161278,紅22台北港返,1,16186,0530,2330
NWT16675,16675,863,11,淡水,金山,NWT157739,157739,863,0,16186,0540,2130
NWT16675,16675,863,11,淡水,金山,NWT157739,157739,863,1,16186,0540,2105
NWT16675,16675,863,11,淡水,金山,NWT159638,159638,863磺港大橋,1,16186,0540,2105
NWT16675,16675,863,11,淡水,金山,NWT159639,159639,863捷運淡水站,0,16186,0540,2130
NWT16675,16675,863,11,淡水,金山,NWT159987,159987,863寵物公車,0,16186,0540,2130
NWT16675,16675,863,11,淡水,金山,NWT159987,159987,863寵物公車,1,16186,0540,2105
NWT16676,16676,F923,11,萬里區公所,金山醫院,NWT157740,157740,F923去,0,16190,0620,1705
NWT16676,16676,F923,11,萬里區公所,金山醫院,NWT159473,159473,F923去至野柳,0,16190,0620,1705
NWT16676,16676,F923,11,萬里區公所,金山醫院,NWT159474,159474,F923去至東澳漁港,0,16190,0620,1705
NWT16676,16676,F923,11,萬里區公所,金山醫院,NWT159475,159475,F923去萬里國小學生專車,0,16190,0620,1705
NWT16676,16676,F923,11,萬里區公所,金山醫院,NWT159476,159476,F923去繞萬里國中至野柳,0,16190,0620,1705
NWT16676,16676,F923,11,萬里區公所,金山醫院,NWT159477,159477,F923返,1,16190,0620,1705
NWT16676,16676,F923,11,萬里區公所,金山醫院,NWT159478,159478,F923返繞仁愛之家,1,16190,0620,1705
NWT16676,16676,F923,11,萬里區公所,金山醫院,NWT159479,159479,F923返野柳發車,1,16190,0620,1705
NWT16676,16676,F923,11,萬里區公所,金山醫院,NWT159480,159480,F923返野柳發車繞萬里國中,1,16190,0620,1705
NWT16676,16676,F923,11,萬里區公所,金山醫院,NWT159481,159481,F923返東澳漁港發車繞萬里國小,1,16190,0620,1705
NWT16677,16677,F921,11,萬里區公所,金山醫院,NWT157741,157741,F921去-大坪國小學生專車,0,16190,0640,1705
NWT16677,16677,F921,11,萬里區公所,金山醫院,NWT159461,159461,F921去-繞圳頭,0,16190,0640,1705
NWT16677,16677,F921,11,萬里區公所,金山醫院,NWT159462,159462,F921去,0,16190,0640,1705
NWT16677,16677,F921,11,萬里區公所,金山醫院,NWT159463,159463,F921去-繞大鵬國小(暫停營運),0,16190,0640,1705
NWT16677,16677,F921,11,萬里區公所,金山醫院,NWT159464,159464,F921去-大鵬國小學生專車,0,16190,0640,1705
NWT16677,16677,F921,11,萬里區公所,金山醫院,NWT159465,159465,F921返-繞大鵬國小,1,16190,0930,1745
NWT16677,16677,F921,11,萬里區公所,金山醫院,NWT159466,159466,F921返-金山發車繞圳頭,1,16190,0930,1745
NWT16677,16677,F921,11,萬里區公所,金山醫院,NWT159467,159467,F921返,1,16190,0930,1745
NWT16677,16677,F921,11,萬里區公所,金山醫院,NWT159468,159468,F921返-獅頭山發車繞圳頭,1,16190,0930,1745
NWT16677,16677,F921,11,萬里區公所,金山醫院,NWT159565,159565,F921去-繞雙星里活動中心,0,16190,0640,1705
NWT16677,16677,F921,11,萬里區公所,金山醫院,NWT159566,159566,F921返-繞雙星里活動中心,1,16190,0930,1745
NWT16678,16678,F921假日,11,萬里區公所,金山醫院,NWT157742,157742,F921假日去-繞圳頭至獅頭山,0,16190,,
NWT16678,16678,F921假日,11,萬里區公所,金山醫院,NWT159038,159038,F921假日去,0,16190,,
NWT16678,16678,F921假日,11,萬里區公所,金山醫院,NWT159469,159469,F921假日去-繞圳頭至金山,0,16190,,
NWT16678,16678,F921假日,11,萬里區公所,金山醫院,NWT159470,159470,F921假日返,1,16190,,
NWT16678,16678,F921假日,11,萬里區公所,金山醫院,NWT159471,159471,F921假日返-獅頭山繞圳頭,1,16190,,
NWT16678,16678,F921假日,11,萬里區公所,金山醫院,NWT159472,159472,F921假日返-金山繞圳頭,1,16190,,
NWT16679,16679,F923假日,11,萬里區公所,金山醫院,NWT157743,157743,F923假日去,0,16190,,
NWT16679,16679,F923假日,11,萬里區公所,金山醫院,NWT159482,159482,F923假日去至野柳,0,16190,,
NWT16679,16679,F923假日,11,萬里區公所,金山醫院,NWT159483,159483,F923假日返,1,16190,,
NWT16679,16679,F923假日,11,萬里區公所,金山醫院,NWT159484,159484,F923假日返野柳發車,1,16190,,
NWT16681,16681,787經瑞芳工業區,11,基隆,瑞芳,NWT159635,159635,787瑞芳至維也納(經瑞芳工業區和繞四腳亭農會),1,16190,0655,1840
NWT16681,16681,787經瑞芳工業區,11,基隆,瑞芳,NWT159787,159787,787松竹梅至瑞芳(經瑞芳工業區和繞四腳亭農會),0,16190,0610,1730
NWT16682,16682,791,11,國家新城,福隆,NWT157746,157746,791國家新城,0,16190,0430,2120
NWT16682,16682,791,11,國家新城,福隆,NWT158906,158906,791福隆,1,16190,0550,2250
NWT16685,16685,657延,11,宏國德霖科技大學,華江橋,NWT157770,157770,657延,0,16176,0600,1800
NWT16685,16685,657延,11,宏國德霖科技大學,華江橋,NWT157770,157770,657延,1,16176,0600,1800
NWT16686,16686,橘26,11,東昇公園,捷運迴龍站,NWT157771,157771,橘26,0,16179,0530,2200
NWT16686,16686,橘26,11,東昇公園,捷運迴龍站,NWT157771,157771,橘26,1,16179,0530,2200
NWT16686,16686,橘26,11,東昇公園,捷運迴龍站,NWT159210,159210,橘26延(暫停營運),0,16179,0530,2200
NWT16686,16686,橘26,11,東昇公園,捷運迴龍站,NWT159210,159210,橘26延(暫停營運),1,16179,0530,2200
NWT16688,16688,983,11,淡海新市鎮,捷運關渡站,NWT157773,157773,983,0,16186,0620,1920
NWT16688,16688,983,11,淡海新市鎮,捷運關渡站,NWT157773,157773,983,1,16186,0620,1920
NWT16688,16688,983,11,淡海新市鎮,捷運關渡站,NWT159329,159329,983新市站(暫停營運),0,16186,0620,1920
NWT16688,16688,983,11,淡海新市鎮,捷運關渡站,NWT159330,159330,983關渡(暫停營運),1,16186,0620,1920
NWT16689,16689,793,11,樹林,動物園,NWT157774,157774,793,0,16176,0500,2010
NWT16689,16689,793,11,樹林,動物園,NWT157774,157774,793,1,16176,0500,2010
NWT16691,16691,796,11,木柵,板橋,NWT157776,157776,796木柵站,0,16176,0530,2240
NWT16691,16691,796,11,木柵,板橋,NWT158946,158946,796南雅站,1,16176,0530,2240
NWT16692,16692,783,11,五股,臺北,NWT157777,157777,783,0,16179,0530,2150
NWT16692,16692,783,11,五股,臺北,NWT157777,157777,783,1,16179,0530,2150
NWT16693,16693,785,11,觀音山,臺北北門,NWT157778,157778,785,0,16179,0600,1810
NWT16693,16693,785,11,觀音山,臺北北門,NWT157778,157778,785,1,16179,0600,1810
NWT16694,16694,786,11,華亞園區,板橋,NWT157779,157779,786,0,16179,0500,2200
NWT16694,16694,786,11,華亞園區,板橋,NWT157779,157779,786,1,16179,0500,2200
NWT16694,16694,786,11,華亞園區,板橋,NWT160792,160792,786不繞林口轉運站,0,16179,0500,2200
NWT16694,16694,786,11,華亞園區,板橋,NWT160792,160792,786不繞林口轉運站,1,16179,0500,2200
NWT16695,16695,821,11,三芝,天文科學館,NWT157780,157780,821,0,16189,0530,1710
NWT16695,16695,821,11,三芝,天文科學館,NWT157780,157780,821,1,16189,0530,1710
NWT16697,16697,847區,11,樹林,捷運亞東醫院站,NWT157783,157783,847區,0,16185,0550,2200
NWT16697,16697,847區,11,樹林,捷運亞東醫院站,NWT157783,157783,847區,1,16185,0550,2200
NWT16710,16710,867區,11,捷運淡水站,石門,NWT157802,157802,867區,0,16186,2230,2230
NWT16710,16710,867區,11,捷運淡水站,石門,NWT157802,157802,867區,1,16186,2230,2230
NWT16715,16715,紅28直,11,淡江大學,捷運淡水站,NWT157812,157812,紅28直,0,16186,0624,1930
NWT16715,16715,紅28直,11,淡江大學,捷運淡水站,NWT157812,157812,紅28直,1,16186,,
NWT16717,16717,895,11,南勢角,捷運公館站,NWT157814,157814,895,0,16181,0600,2200
NWT16717,16717,895,11,南勢角,捷運公館站,NWT157814,157814,895,1,16181,0600,2200
NWT16717,16717,895,11,南勢角,捷運公館站,NWT159608,159608,895寵物公車,0,16181,0600,2200
NWT16717,16717,895,11,南勢角,捷運公館站,NWT159608,159608,895寵物公車,1,16181,0600,2200
NWT16719,16719,795往木柵,11,十分寮、平溪,木柵,NWT157817,157817,795往木柵,0,16176,0540,2300
NWT16726,16726,941,11,三峽,新店,NWT157828,157828,941,0,16176,0600,2000
NWT16726,16726,941,11,三峽,新店,NWT157828,157828,941,1,16176,0600,2000
NWT16726,16726,941,11,三峽,新店,NWT159535,159535,941三峽一站,0,16176,0600,2000
NWT16726,16726,941,11,三峽,新店,NWT159536,159536,941捷運大坪林站(民權路),1,16176,0600,2000
NWT16728,16728,940,11,三峽,捷運府中站,NWT157830,157830,940,0,16176,0630,2100
NWT16728,16728,940,11,三峽,捷運府中站,NWT157830,157830,940,1,16176,0630,2100
NWT16729,16729,藍44延,11,樹林,南天母廣場,NWT157831,157831,藍44延,0,16176,0800,2040
NWT16729,16729,藍44延,11,樹林,南天母廣場,NWT157831,157831,藍44延,1,16176,0800,2040
NWT16730,16730,822,11,五股立體停車場,林口長庚醫院,NWT157832,157832,822,0,16179,0600,1430
NWT16730,16730,822,11,五股立體停車場,林口長庚醫院,NWT157832,157832,822,1,16179,0600,1430
NWT16731,16731,817,11,汐止,五分埔,NWT157836,157836,817,0,16188,0520,2230
NWT16731,16731,817,11,汐止,五分埔,NWT157836,157836,817,1,16188,0520,2230
NWT16732,16732,紅23,11,淡水,關渡,NWT157837,157837,紅23,0,16179,0550,0000
NWT16732,16732,紅23,11,淡水,關渡,NWT157837,157837,紅23,1,16179,0550,0000
NWT16733,16733,890,11,汐止,烘內,NWT157838,157838,890,0,16188,0605,1800
NWT16733,16733,890,11,汐止,烘內,NWT157838,157838,890,1,16188,0605,1800
NWT16734,16734,846,11,瑞芳,平溪,NWT157839,157839,846舊站,0,16190,0600,1710
NWT16734,16734,846,11,瑞芳,平溪,NWT158925,158925,846平溪國中,1,16190,0700,1810
NWT16735,16735,藍41,11,捷運海山站,捷運永安市場站,NWT157840,157840,藍41,0,16190,0545,2300
NWT16735,16735,藍41,11,捷運海山站,捷運永安市場站,NWT157840,157840,藍41,1,16190,0630,2335
NWT16739,16739,789,11,國家新城,崁腳,NWT157844,157844,789國家新城,0,16190,0505,1615
NWT16739,16739,789,11,國家新城,崁腳,NWT158920,158920,789崁腳,1,16190,0600,1715
NWT16740,16740,790,11,金山南勢,基隆,NWT157845,157845,790,0,16190,0500,2200
NWT16740,16740,790,11,金山南勢,基隆,NWT157845,157845,790,1,16190,0550,2250
NWT16748,16748,橘18福隆路,11,蘆洲,五華街,NWT157858,157858,橘18福隆路,0,16182,0600,2000
NWT16748,16748,橘18福隆路,11,蘆洲,五華街,NWT157858,157858,橘18福隆路,1,16182,0600,2000
NWT16752,16752,F101坪頂,11,捷運淡水站,捷運淡水站,NWT157867,157867,F101坪頂,0,16228,0520,2200
NWT16757,16757,795往十分寮,11,木柵,十分寮,NWT157872,157872,795往十分寮,0,16176,0500,1900
NWT16758,16758,795往平溪,11,木柵,平溪,NWT157873,157873,795往平溪,0,16176,0450,2200
NWT16759,16759,943,11,三峽,臺北大學(臺北校區),NWT157876,157876,943三峽,0,16176,1620,1735
NWT16759,16759,943,11,三峽,臺北大學(臺北校區),NWT158943,158943,943臺北大學(臺北校區),1,16176,0710,0750
NWT16760,16760,F101樹興,11,捷運淡水站,捷運淡水站,NWT157887,157887,F101樹興,0,16228,0540,2040
NWT16761,16761,F105,11,捷運淡水站,華南銀行,NWT157888,157888,F105,0,16228,0550,2130
NWT16762,16762,F106下午,11,捷運淡水站,華南銀行,NWT157889,157889,F106下午,0,16228,1520,1720
NWT16763,16763,F106上午,11,捷運淡水站,華南銀行,NWT157890,157890,F106上午,0,16228,0540,0920
NWT16764,16764,F106中午,11,捷運淡水站,華南銀行,NWT157891,157891,F106中午,0,16228,1120,1120
NWT16767,16767,594,11,捷運淡水站,淡江大學,NWT157894,157894,594,0,16186,0630,1900
NWT16768,16768,595,11,捷運淡水站,淡海新市鎮,NWT157895,157895,595新民去,0,16186,0600,2140
NWT16768,16768,595,11,捷運淡水站,淡海新市鎮,NWT158972,158972,595新民返,1,16186,0600,2140
NWT16768,16768,595,11,捷運淡水站,淡海新市鎮,NWT160677,160677,595新春去,0,16186,0600,2140
NWT16768,16768,595,11,捷運淡水站,淡海新市鎮,NWT160678,160678,595新春返,1,16186,0600,2140
NWT16772,16772,593,11,捷運淡水站,沙崙,NWT157899,157899,593,0,16186,0610,2140
NWT16772,16772,593,11,捷運淡水站,沙崙,NWT160137,160137,593經淡水行政中心(暫停營運),0,16186,0610,2140
NWT16773,16773,F105返,11,捷運淡水站,華南銀行,NWT157900,157900,F105返,0,16228,0550,2130
NWT16774,16774,F109,11,捷運淡水站,華南銀行,NWT157901,157901,F109,0,16228,0520,2100
NWT16775,16775,F102,11,捷運淡水站,華南銀行,NWT157902,157902,F102去,0,16228,0530,2140
NWT16775,16775,F102,11,捷運淡水站,華南銀行,NWT158973,158973,F102返,1,16228,2140,2140
NWT16777,16777,F103,11,捷運淡水站,華南銀行,NWT157904,157904,F103,0,16228,0530,2140
NWT16778,16778,F135,11,三芝國中,竹圍馬偕,NWT157905,157905,F135三芝國中,0,16229,0820,0820
NWT16778,16778,F135,11,三芝國中,竹圍馬偕,NWT158974,158974,F135竹圍馬偕醫院,1,16229,0900,0900
NWT16780,16780,F138新古庄,11,新庄子路口,二號倉庫,NWT157907,157907,F138新古庄,0,16229,0640,1730
NWT16781,16781,F138內橫山,11,二號倉庫,三芝國中,NWT157908,157908,F138內橫山,0,16229,0610,1750
NWT16782,16782,F133平日,11,二號倉庫,三芝國中,NWT157909,157909,F133平日,0,16229,0620,1620
NWT16783,16783,F133後店,11,二號倉庫,三芝國中,NWT157910,157910,F133後店,0,16229,1710,1710
NWT16784,16784,F133末班,11,二號倉庫,三芝國中,NWT157911,157911,F133末班,0,16229,1740,1740
NWT16785,16785,F133假日,11,二號倉庫,三芝國中,NWT157912,157912,F133假日,0,16229,,
NWT16786,16786,F131,11,三芝國中,二號倉庫,NWT157913,157913,F131三芝國中,0,16229,0620,1730
NWT16786,16786,F131,11,三芝國中,二號倉庫,NWT159286,159286,F131十八彎,1,16229,0700,1810
NWT16787,16787,F132,11,二號倉庫,二坪頂,NWT157914,157914,F132,0,16229,0615,1620
NWT16788,16788,F136,11,三芝國中,三芝熱帶嶼,NWT157915,157915,F136三芝國中,0,16229,0630,1730
NWT16788,16788,F136,11,三芝國中,三芝熱帶嶼,NWT159287,159287,F136參觀台,1,16229,0650,1750
NWT16789,16789,F137,11,三芝國中,士林新光醫院,NWT157916,157916,F137三芝國中,0,16229,0820,1350
NWT16789,16789,F137,11,三芝國中,士林新光醫院,NWT158959,158959,F137士林新光醫院,1,16229,0820,1350
NWT16790,16790,F139行經台2線,11,三芝國中,捷運淡水站,NWT157917,157917,F139行經台2線三芝國中,0,16229,2250,2250
NWT16790,16790,F139行經台2線,11,三芝國中,捷運淡水站,NWT158961,158961,F139行經台2線捷運淡水站,1,16229,2330,2330
NWT16792,16792,F121,11,八里國小正門,樂山療養院,NWT157919,157919,F121,0,16230,0630,1610
NWT16793,16793,F122,11,八里國小,荖阡坑,NWT157920,157920,F122,0,16230,0705,1555
NWT16794,16794,F123-0640,11,廖添丁廟,米倉國小,NWT157921,157921,F123-0640,0,16230,0640,0640
NWT16795,16795,F123-1205,11,米倉國小,廖添丁廟,NWT157922,157922,F123-1205,0,16230,1205,1205
NWT16796,16796,F123-1550,11,廖添丁廟,米倉國小,NWT157923,157923,F123-1550,0,16230,1550,1550
NWT16797,16797,F123-1555,11,廖添丁廟,八里國中,NWT157924,157924,F123-1555,0,16230,1555,1555
NWT16800,16800,F126,11,八里分駐所,長庚醫院,NWT157927,157927,F126八里分駐所,0,16230,0615,1735
NWT16800,16800,F126,11,八里分駐所,長庚醫院,NWT158975,158975,F126長庚醫院,1,16230,0615,1735
NWT16802,16802,F126江厝,11,八里分駐所,長庚醫院,NWT157929,157929,F126江厝八里分駐所,0,16230,0900,1300
NWT16802,16802,F126江厝,11,八里分駐所,長庚醫院,NWT158976,158976,F126江厝長庚醫院,1,16230,0900,1300
NWT16804,16804,F151-0800,11,石門區公所,石門區公所,NWT157931,157931,F151-0800,0,16231,0800,0800
NWT16805,16805,F151-1605,11,石門區公所,十塊厝,NWT157932,157932,F151-1605,0,16231,1605,1605
NWT16806,16806,F151-1625,11,石門區公所,順天聖母廟,NWT157933,157933,F151-1625,0,16231,1625,1625
NWT16807,16807,F151-0830、1655,11,石門區公所,石門區公所,NWT157934,157934,F151-0830、1655,0,16231,0830,1655
NWT16808,16808,F153-0620,11,石門區公所,石門區公所,NWT157935,157935,F153-0620,0,16231,0620,0620
NWT16809,16809,F153-0730、0945,11,石門區公所,石門區公所,NWT157936,157936,F153-0730、0945,0,16231,0730,0945
NWT16810,16810,F153-0820,11,石門區公所,石門區公所,NWT157937,157937,F153-0820,0,16231,0820,0820
NWT16811,16811,F153-1030,11,石門區公所,石門區公所,NWT157938,157938,F153-1030,0,16231,1030,1030
NWT16812,16812,F153-1605,11,石門區公所,石門區公所,NWT157939,157939,F153-1605,0,16231,1605,1605
NWT16814,16814,F153-1730,11,石門區公所,石門區公所,NWT157941,157941,F153-1730,0,16231,1730,1730
NWT16815,16815,F151-0605,11,石門區公所,石門區公所,NWT157942,157942,F151-0605,0,16231,0605,0605
NWT16816,16816,F151-0620,11,石門區公所,石門區公所,NWT157943,157943,F151-0620,0,16231,0620,0620
NWT16817,16817,F151-0730,11,石門區公所,石門區公所,NWT157944,157944,F151-0730,0,16231,0730,0730
NWT16818,16818,F151-0930,11,石門區公所,石門區公所,NWT157945,157945,F151-0930,0,16231,0930,0930
NWT16819,16819,F151-1000,11,石門區公所,尖山湖,NWT157946,157946,F151-1000,0,16231,1000,1000
NWT16820,16820,F151-1800,11,石門區公所,石門區公所,NWT157947,157947,F151-1800,0,16231,1800,1800
NWT16821,16821,F161,11,草里車站,馬偕醫院,NWT157948,157948,F161草里車站,0,16231,0800,0800
NWT16821,16821,F161,11,草里車站,馬偕醫院,NWT158977,158977,F161馬偕醫院,1,16231,1200,1200
NWT16823,16823,F152-0600,11,老梅,老梅,NWT157950,157950,F152-0600,0,16231,0600,0600
NWT16824,16824,F152-0620、0745,11,老梅,老梅,NWT157951,157951,F152-0620、0745,0,16231,0620,0745
NWT16824,16824,F152-0620、0745,11,老梅,老梅,NWT159404,159404,F152-1630(暫停營運),0,16231,0620,0745
NWT16824,16824,F152-0620、0745,11,老梅,老梅,NWT159405,159405,F152-1740(暫停營運),0,16231,0620,0745
NWT16825,16825,F152-0635,11,老梅,老梅,NWT157952,157952,F152-0635,0,16231,0635,0635
NWT16826,16826,F152-0700,11,老梅,老梅,NWT157953,157953,F152-0700,0,16231,0700,0700
NWT16827,16827,F152-0810,11,老梅,銘德一村,NWT157954,157954,F152-0810,0,16231,0810,0950
NWT16828,16828,F152-0845,11,老梅,舊十八王公,NWT157955,157955,F152-0845,0,16231,0845,0845
NWT16829,16829,F152-0925,11,石門區公所,老梅,NWT157956,157956,F152-0925,0,16231,0925,0925
NWT16830,16830,F152-1545,11,老梅,石門區公所,NWT157957,157957,F152-1545,0,16231,1545,1545
NWT16831,16831,F152-1655,11,老梅,樹仔下,NWT157958,157958,F152-1655,0,16231,1655,1655
NWT16832,16832,F152-1720,11,老梅,老梅,NWT157959,157959,F152-1720,0,16231,1720,1720
NWT16834,16834,F152-1800,11,老梅,石門區公所,NWT157961,157961,F152-1800,0,16231,1800,1800
NWT16835,16835,F201,11,新莊區公所,福德宮,NWT157962,157962,F201新莊區公所,0,16232,0730,1930
NWT16835,16835,F201,11,新莊區公所,福德宮,NWT158978,158978,F201福德宮,1,16232,0540,1830
NWT16837,16837,F202,11,文藝中心,新莊高中,NWT157964,157964,F202,0,16232,0600,2000
NWT16838,16838,F217,11,明志路三段,林口長庚醫院,NWT157965,157965,F217,0,16233,0800,1500
NWT16838,16838,F217,11,明志路三段,林口長庚醫院,NWT157965,157965,F217,1,16233,0800,1500
NWT16839,16839,F218,11,明志路三段,署立臺北醫院,NWT157966,157966,F218明志路三段發車,0,16233,0800,1500
NWT16839,16839,F218,11,明志路三段,署立臺北醫院,NWT157966,157966,F218明志路三段發車,1,16233,0800,1500
NWT16840,16840,F211,11,泰山公有市場,貴和社區,NWT157967,157967,F211,0,16233,0620,1710
NWT16840,16840,F211,11,泰山公有市場,貴和社區,NWT159222,159222,F211第一班,0,16233,0620,1710
NWT16841,16841,F212,11,泰山公有市場,泰山國中,NWT157968,157968,F212,0,16233,0550,1720
NWT16842,16842,F212楓江,11,泰山公有市場,楓江路,NWT157969,157969,F212楓江,0,16233,0650,1620
NWT16843,16843,F213,11,泰山公有市場,勝隆土雞城,NWT157970,157970,F213,0,16233,0550,1740
NWT16843,16843,F213,11,泰山公有市場,勝隆土雞城,NWT159223,159223,F213第一班,0,16233,0550,1740
NWT16844,16844,F213黎明,11,泰山公有市場,麗園國小,NWT157971,157971,F213黎明,0,16233,0620,0830
NWT16844,16844,F213黎明,11,泰山公有市場,麗園國小,NWT160071,160071,F213黎明延駛黎明與麗園國小(暫停營運),0,16233,0620,0830
NWT16844,16844,F213黎明,11,泰山公有市場,麗園國小,NWT160072,160072,F213黎明延駛麗園國小(暫停營運),0,16233,0620,0830
NWT16845,16845,578,11,泰山公有市場,臺北車站,NWT157972,157972,578,0,16224,0600,2100
NWT16845,16845,578,11,泰山公有市場,臺北車站,NWT157972,157972,578,1,16224,0600,2100
NWT16847,16847,579,11,明志國小,臺北車站,NWT157974,157974,579,0,16224,0615,2130
NWT16847,16847,579,11,明志國小,臺北車站,NWT157974,157974,579,1,16224,0615,2130
NWT16849,16849,580,11,五股,馬偕醫院,NWT157976,157976,580五股站,0,16185,0600,2130
NWT16849,16849,580,11,五股,馬偕醫院,NWT159891,159891,580馬偕醫院,1,16185,0640,2230
NWT16849,16849,580,11,五股,馬偕醫院,NWT160607,160607,580(暫停營運),0,16185,0600,2130
NWT16849,16849,580,11,五股,馬偕醫院,NWT160607,160607,580(暫停營運),1,16185,0640,2230
NWT16851,16851,581,11,五林路口,御史路,NWT157978,157978,581御史路,1,16224,0610,2120
NWT16851,16851,581,11,五林路口,御史路,NWT159890,159890,581五林路口,0,16224,0600,2110
NWT16855,16855,582,11,立體停車場(五股公有市場),臺北車站(鄭州),NWT157982,157982,582,0,16224,0610,2200
NWT16855,16855,582,11,立體停車場(五股公有市場),臺北車站(鄭州),NWT157982,157982,582,1,16224,0610,2200
NWT16861,16861,F233,11,水尾,林口國中,NWT157988,157988,F233,0,16235,0630,1710
NWT16861,16861,F233,11,水尾,林口國中,NWT157988,157988,F233,1,16235,0630,1710
NWT16861,16861,F233,11,水尾,林口國中,NWT158985,158985,F233(裁撤),1,16235,0630,1710
NWT16863,16863,F235,11,台北新都,瑞平國小,NWT157990,157990,F235,0,16235,0630,1740
NWT16863,16863,F235,11,台北新都,瑞平國小,NWT157990,157990,F235,1,16235,0630,1740
NWT16863,16863,F235,11,台北新都,瑞平國小,NWT158986,158986,F235瑞平國小,1,16235,0630,1740
NWT16865,16865,F236,11,洪厝,林口加油站,NWT157992,157992,F236洪厝,0,16235,0610,1630
NWT16865,16865,F236,11,洪厝,林口加油站,NWT158987,158987,F236林口加油站,1,16235,0710,1740
NWT16867,16867,F237,11,出水坑,林口加油站,NWT157994,157994,F237出水坑,0,16235,0620,1640
NWT16867,16867,F237,11,出水坑,林口加油站,NWT158988,158988,F237林口加油站,1,16235,0600,1740
NWT16869,16869,F238,11,林口發電廠,林口加油站,NWT157996,157996,F238林口發電廠,0,16235,0620,1630
NWT16869,16869,F238,11,林口發電廠,林口加油站,NWT158989,158989,F238林口加油站,1,16235,0700,1730
NWT16871,16871,F239,11,林口發電廠,林口加油站,NWT157998,157998,F239林口發電廠,0,16235,0620,1800
NWT16871,16871,F239,11,林口發電廠,林口加油站,NWT158991,158991,F239林口加油站,1,16235,0710,1700
NWT16871,16871,F239,11,林口發電廠,林口加油站,NWT159689,159689,F239繞中華電信(暫停營運),0,16235,0620,1800
NWT16871,16871,F239,11,林口發電廠,林口加油站,NWT159689,159689,F239繞中華電信(暫停營運),1,16235,0710,1700
NWT16873,16873,F250,11,太平社區,台北新都,NWT158000,158000,F250,0,16235,0620,1700
NWT16873,16873,F250,11,太平社區,台北新都,NWT158000,158000,F250,1,16235,0620,1700
NWT16873,16873,F250,11,太平社區,台北新都,NWT158992,158992,F250繞周厝(暫停營運),0,16235,0620,1700
NWT16873,16873,F250,11,太平社區,台北新都,NWT158992,158992,F250繞周厝(暫停營運),1,16235,0620,1700
NWT16876,16876,F302,11,三重區公所,五常郵局,NWT158003,158003,F302,0,16236,0630,1630
NWT16876,16876,F302,11,三重區公所,五常郵局,NWT158003,158003,F302,1,16236,0630,1630
NWT16877,16877,F303,11,三重區公所,明志國中,NWT158004,158004,F303,0,16236,0620,1700
NWT16878,16878,F312,11,捷運三民高中站(復興路一),蘆洲區公所,NWT158993,158993,F312,0,16237,0605,1815
NWT16887,16887,F317,11,蘆洲區公所,陽明醫院,NWT158014,158014,F317蘆洲區公所,0,16237,0800,1300
NWT16887,16887,F317,11,蘆洲區公所,陽明醫院,NWT159215,159215,F317陽明醫院,1,16237,0900,1400
NWT16890,16890,F512,11,自強國中,捷運景安站,NWT158017,158017,F512,0,16238,0630,2000
NWT16890,16890,F512,11,自強國中,捷運景安站,NWT158017,158017,F512,1,16238,0630,2000
NWT16891,16891,F513,11,灰瑤,秀山站,NWT158018,158018,F513,0,16238,0630,2000
NWT16891,16891,F513,11,灰瑤,秀山站,NWT158018,158018,F513,1,16238,0630,2000
NWT16892,16892,F521,11,永平路口,仁愛公園,NWT158019,158019,F521,0,16240,0620,2300
NWT16893,16893,F522,11,捷運頂溪站,耕莘醫院,NWT158020,158020,F522,0,16240,0620,2300
NWT16894,16894,F523,11,永平國小,保順保生路,NWT158021,158021,F523,0,16240,0620,2300
NWT16895,16895,F525,11,民權圖書館,遠東愛買,NWT158022,158022,F525,0,16240,0620,2300
NWT16896,16896,F526,11,民本里,民本里一,NWT158023,158023,F526,0,16240,0620,2300
NWT16897,16897,570,11,山中湖,南天母廣場,NWT158024,158024,570山中湖,0,16176,,
NWT16897,16897,570,11,山中湖,南天母廣場,NWT159681,159681,570南天母廣場,1,16176,,
NWT16898,16898,571,11,善息寺,南天母廣場,NWT158025,158025,571善息寺,0,16176,,
NWT16898,16898,571,11,善息寺,南天母廣場,NWT159680,159680,571南天母廣場,1,16176,,
NWT16899,16899,572,11,金城路口,南天母廣場,NWT158026,158026,572金城路口,0,16176,,
NWT16899,16899,572,11,金城路口,南天母廣場,NWT159679,159679,572南天母廣場,1,16176,,
NWT16900,16900,573,11,信義國小,南天母廣場,NWT158027,158027,573信義國小,0,16176,,
NWT16900,16900,573,11,信義國小,南天母廣場,NWT159676,159676,573南天母廣場,1,16176,,
NWT16901,16901,574,11,信義國小,南天母廣場,NWT158028,158028,574信義國小,0,16176,,
NWT16901,16901,574,11,信義國小,南天母廣場,NWT159677,159677,574南天母廣場,1,16176,,
NWT16902,16902,575,11,捷運永寧站,南天母廣場,NWT158029,158029,575承天路,0,16176,,
NWT16902,16902,575,11,捷運永寧站,南天母廣場,NWT159678,159678,575南天母廣場,1,16176,,
NWT16903,16903,F611,11,大學風呂,長庚醫院,NWT158030,158030,F611大學風呂(學勤路),0,16242,0800,1300
NWT16903,16903,F611,11,大學風呂,長庚醫院,NWT158997,158997,F611林口長庚醫院,1,16242,1115,1700
NWT16903,16903,F611,11,大學風呂,長庚醫院,NWT159255,159255,F611第二班,0,16242,0800,1300
NWT16903,16903,F611,11,大學風呂,長庚醫院,NWT159255,159255,F611第二班,1,16242,1115,1700
NWT16906,16906,F623,11,三鶯國民運動中心,福慶宮,NWT158033,158033,F623,0,16243,0630,1750
NWT16907,16907,F625,11,大仁路大勇路口,明德中學,NWT158034,158034,F625,0,16243,0600,1750
NWT16908,16908,F626,11,三峽國小,白雞行修宮,NWT158035,158035,F626新市民-行修宮-天后宮,0,16243,1015,1830
NWT16908,16908,F626,11,三峽國小,白雞行修宮,NWT160438,160438,F626新市民-行修宮,0,16243,1015,1830
NWT16909,16909,F627,11,三峽國小,五寮,NWT158036,158036,F627,0,16243,0700,1630
NWT16910,16910,F628,11,三峽國小,湊合橋,NWT158037,158037,F628,0,16243,0600,1730
NWT16910,16910,F628,11,三峽國小,湊合橋,NWT161127,161127,F628假日,0,16243,0600,1730
NWT16912,16912,F629,11,文化停車場,鹿母潭,NWT158039,158039,F629延駛四份仔,0,16243,0615,1730
NWT16912,16912,F629,11,文化停車場,鹿母潭,NWT160437,160437,F629,0,16243,0615,1730
NWT16914,16914,F630,11,長福停車場,長庚醫院林口總院,NWT158041,158041,F630長福停車場,0,16243,0700,1300
NWT16914,16914,F630,11,長福停車場,長庚醫院林口總院,NWT158998,158998,F630長庚醫院林口總院,1,16243,1000,1630
NWT16919,16919,F651,11,鶯歌火車站,二橋,NWT158046,158046,F651,0,16244,0530,2315
NWT16920,16920,F652,11,鶯歌區公所,恩主公醫院,NWT158047,158047,F652國慶街115巷口,0,16244,0600,1800
NWT16920,16920,F652,11,鶯歌區公所,恩主公醫院,NWT159000,159000,F652恩主公醫院,1,16244,0620,1820
NWT16922,16922,F653A,11,鶯歌火車站,林長壽圖書館,NWT158049,158049,F653A,0,16244,0500,2315
NWT16923,16923,F653B,11,鶯歌火車站,林長壽圖書館,NWT158050,158050,F653B,0,16244,0530,1830
NWT16924,16924,F655,11,鶯歌區公所,長庚醫院(總院),NWT158051,158051,F655鶯歌區公所,0,16244,0600,1640
NWT16924,16924,F655,11,鶯歌區公所,長庚醫院(總院),NWT159001,159001,F655長庚醫院(總院),1,16244,0635,1750
NWT16926,16926,F656,11,鶯歌火車站,鳳吉一街94號,NWT158053,158053,F656,0,16244,0530,2315
NWT16929,16929,F703前三班,11,頂好社區,雙城路115號,NWT158056,158056,F703前三班,0,16181,0550,0710
NWT16929,16929,F703前三班,11,頂好社區,雙城路115號,NWT158056,158056,F703前三班,1,16181,0550,0710
NWT16930,16930,592,11,寶興路60巷口,捷運七張站,NWT158057,158057,592,0,16181,0640,2100
NWT16930,16930,592,11,寶興路60巷口,捷運七張站,NWT158057,158057,592,1,16181,0640,2100
NWT16930,16930,592,11,寶興路60巷口,捷運七張站,NWT159897,159897,592繞惠國市場,0,16181,0640,2100
NWT16930,16930,592,11,寶興路60巷口,捷運七張站,NWT159897,159897,592繞惠國市場,1,16181,0640,2100
NWT16930,16930,592,11,寶興路60巷口,捷運七張站,NWT159898,159898,592延耕莘醫院,0,16181,0640,2100
NWT16930,16930,592,11,寶興路60巷口,捷運七張站,NWT159898,159898,592延耕莘醫院,1,16181,0640,2100
NWT16937,16937,F711,11,深坑區公有市場,深坑國小,NWT158064,158064,F711深坑區公有市場,0,16246,0700,1720
NWT16937,16937,F711,11,深坑區公有市場,深坑國小,NWT159002,159002,F711深坑國小,1,16246,1240,1605
NWT16939,16939,F713,11,深坑國小,深坑區公所,NWT158066,158066,F713,0,16246,0700,1720
NWT16939,16939,F713,11,深坑國小,深坑區公所,NWT158066,158066,F713,1,16246,0700,1720
NWT16940,16940,F712,11,深坑國小,大崙尾,NWT158067,158067,F712,0,16246,0750,1500
NWT16940,16940,F712,11,深坑國小,大崙尾,NWT158067,158067,F712,1,16246,0750,1500
NWT16941,16941,F721,11,坪林國中,南山寺,NWT158068,158068,F721坪林國中至英速魔法學院,0,16247,,
NWT16941,16941,F721,11,坪林國中,南山寺,NWT159228,159228,F721英速魔法學院至坪林國中,1,16247,,
NWT16941,16941,F721,11,坪林國中,南山寺,NWT160557,160557,F721坪林國中至南山寺,0,16247,,
NWT16941,16941,F721,11,坪林國中,南山寺,NWT160558,160558,F721南山寺至坪林國中,1,16247,,
NWT16942,16942,F722,11,坪林國中,九芎根101,NWT158069,158069,F722,0,16247,0800,1600
NWT16942,16942,F722,11,坪林國中,九芎根101,NWT158069,158069,F722,1,16247,0900,1700
NWT16943,16943,F723,11,坪林國中,九芎根101,NWT158070,158070,F723,0,16247,0900,1700
NWT16943,16943,F723,11,坪林國中,九芎根101,NWT158070,158070,F723,1,16247,0625,1800
NWT16944,16944,F801,11,瑞芳,四腳亭,NWT158071,158071,F801第一市場,0,16248,0720,0720
NWT16944,16944,F801,11,瑞芳,四腳亭,NWT159003,159003,F801月眉路56號,1,16248,0630,0630
NWT16946,16946,F802,11,瑞芳,金九線,NWT158073,158073,F802祖師廟,0,16248,0830,1530
NWT16946,16946,F802,11,瑞芳,金九線,NWT159004,159004,F802祈堂廟,1,16248,0915,1630
NWT16948,16948,F803,11,瑞芳,四腳亭,NWT158075,158075,F803第一市場,0,16248,0910,1710
NWT16948,16948,F803,11,瑞芳,四腳亭,NWT159005,159005,F803月眉路56號,1,16248,0810,1755
NWT16950,16950,F805,11,瑞芳,和美國小,NWT158077,158077,F805祖師廟,0,16248,0630,1620
NWT16950,16950,F805,11,瑞芳,和美國小,NWT159029,159029,F805和美國小,1,16248,0730,1730
NWT16952,16952,F806,11,瑞芳,大福煤礦,NWT158079,158079,F806祖師廟,0,16248,0850,1520
NWT16952,16952,F806,11,瑞芳,大福煤礦,NWT159006,159006,F806海濱,1,16248,0930,1550
NWT16954,16954,F807上午,11,瑞興新村,瑞芳火車站,NWT158081,158081,F807上午,0,16248,0620,0800
NWT16954,16954,F807上午,11,瑞興新村,瑞芳火車站,NWT159213,159213,F807上午延,0,16248,0620,0800
NWT16955,16955,F807下午,11,祖師廟,瑞芳火車站,NWT158082,158082,F807下午,0,16248,1815,1940
NWT16956,16956,F808,11,瑞芳,三貂嶺,NWT158083,158083,F808祖師廟,0,16248,0610,1710
NWT16956,16956,F808,11,瑞芳,三貂嶺,NWT159007,159007,F808碩仁里,1,16248,0700,1800
NWT16958,16958,F811,11,澳底臻信福,貢寮環保公園,NWT158085,158085,F811澳底臻信福,0,16249,0630,1620
NWT16958,16958,F811,11,澳底臻信福,貢寮環保公園,NWT159008,159008,F811貢寮環保公園,1,16249,0706,1706
NWT16960,16960,F815,11,雙溪火車站,灣潭,NWT158087,158087,F815雙溪火車站,0,16249,0620,1550
NWT16960,16960,F815,11,雙溪火車站,灣潭,NWT159009,159009,F815灣潭,1,16249,0720,1650
NWT16962,16962,F821,11,平溪,新寮大厝,NWT158089,158089,F821平溪,0,16250,0730,1710
NWT16962,16962,F821,11,平溪,新寮大厝,NWT159585,159585,F821新寮,1,16250,0755,1740
NWT16963,16963,F822,11,平溪,東勢派出所,NWT158090,158090,F822平溪,0,16250,0650,1610
NWT16963,16963,F822,11,平溪,東勢派出所,NWT159584,159584,F822東勢格派出所,1,16250,0710,1640
NWT16964,16964,F823,11,分水崙,福隆火車站,NWT158091,158091,F823分水崙,0,16250,0630,1540
NWT16964,16964,F823,11,分水崙,福隆火車站,NWT159010,159010,F823福隆火車站,1,16250,0740,1705
NWT16969,16969,F835,11,貢寮火車站,貢寮區漁會,NWT158096,158096,F835,0,16251,0845,1650
NWT16970,16970,F836,11,貢寮區漁會,鶯歌石,NWT158097,158097,F836,0,16251,0915,1430
NWT16971,16971,F837,11,貢寮火車站,鼻頭里停車場,NWT158098,158098,F837貢寮火車站,0,16251,0810,1430
NWT16971,16971,F837,11,貢寮火車站,鼻頭里停車場,NWT158099,158099,F837鼻頭角,1,16251,0600,1521
NWT16971,16971,F837,11,貢寮火車站,鼻頭里停車場,NWT159254,159254,F837第一班,1,16251,0600,1521
NWT16972,16972,貢寮區學生專車,11,貢寮國中,龍洞灣公園,NWT159231,159231,貢寮區學生專車,0,16251,1800,1800
NWT16973,16973,F838,11,貢寮火車站,美豐,NWT158100,158100,F838,0,16251,0710,1505
NWT16974,16974,F839,11,貢寮火車站,鼻頭角,NWT158101,158101,F839,0,16251,1635,1635
NWT16975,16975,F922烏塗炭,11,萬里區公所,靈泉寺,NWT158102,158102,F922烏塗炭萬里區公所,0,16252,0600,1530
NWT16975,16975,F922烏塗炭,11,萬里區公所,靈泉寺,NWT159271,159271,F922烏塗炭靈泉寺,1,16252,0630,1600
NWT16975,16975,F922烏塗炭,11,萬里區公所,靈泉寺,NWT159272,159272,F922烏塗炭返16時班次,1,16252,0630,1600
NWT16976,16976,F922內崁,11,萬里區公所,靈泉寺,NWT158103,158103,F922內崁萬里區公所,0,16252,1250,1705
NWT16976,16976,F922內崁,11,萬里區公所,靈泉寺,NWT159716,159716,F922內崁靈泉寺,1,16252,0630,1900
NWT16977,16977,F933-0620學生專車,11,三界橋,金山區公所,NWT158104,158104,F933-0620學生專車,0,16253,0620,0620
NWT16978,16978,F933-0800,11,金山區公所,金青門口,NWT158105,158105,F933-0800,0,16253,0800,0800
NWT16979,16979,F933-0710,11,金山區公所,金青門口,NWT158106,158106,F933-0710,0,16253,0710,1530
NWT16980,16980,F931-0600,11,金山區公所,金山國小,NWT158107,158107,F931-0600,0,16253,0600,0600
NWT16981,16981,F931-0700,11,金山區公所,磺溪中橋,NWT158108,158108,F931-0700,0,16253,0700,0700
NWT16982,16982,F931-0800,11,金山區公所,下六股,NWT158109,158109,F931-0800,0,16253,0800,0800
NWT16983,16983,F931-0910,11,金山區公所,臺大醫院金山分院,NWT158110,158110,F931-0910,0,16253,0910,0910
NWT16984,16984,F931-1030,11,金山區公所,臺大醫院金山分院,NWT158111,158111,F931-1030,0,16253,1030,1030
NWT16985,16985,F931-1255,11,金山區公所,三界公廟,NWT158112,158112,F931-1255,0,16253,1255,1255
NWT16986,16986,F931-1630,11,金山區公所,三界公廟,NWT158113,158113,F931-1630,0,16253,1630,1630
NWT16987,16987,F931-1730,11,金山區公所,三界公廟,NWT158114,158114,F931-1730,0,16253,1730,1730
NWT16988,16988,F901,11,福山里活動中心,福山里活動中心,NWT158115,158115,F901汐碇路石頭公,0,16254,0610,2130
NWT16988,16988,F901,11,福山里活動中心,福山里活動中心,NWT159011,159011,F901福山里活動中心,0,16254,0610,2130
NWT16988,16988,F901,11,福山里活動中心,福山里活動中心,NWT160027,160027,F901繞汐止火車站(暫停營運),0,16254,0610,2130
NWT16988,16988,F901,11,福山里活動中心,福山里活動中心,NWT160028,160028,F901繞汐碇路石頭公(暫停營運),0,16254,0610,2130
NWT16990,16990,F902,11,汐止火車站,汐止火車站(公園),NWT158117,158117,F902,0,16254,0910,2130
NWT16992,16992,F902新興,11,汐止火車站,汐止火車站(公園),NWT158119,158119,F902新興,0,16254,0625,0840
NWT16993,16993,F903,11,汐止,天道清修院,NWT158120,158120,F903汐止,0,16254,0630,1730
NWT16993,16993,F903,11,汐止,天道清修院,NWT159013,159013,F903天道清修院,1,16254,0710,1800
NWT16995,16995,F905,11,汐止,平溪,NWT158122,158122,F905汐止,0,16254,0610,2110
NWT16995,16995,F905,11,汐止,平溪,NWT159014,159014,F905仁愛橋,1,16254,0635,2130
NWT16995,16995,F905,11,汐止,平溪,NWT159642,159642,F905假日返程延駛平溪,1,16254,0635,2130
NWT16995,16995,F905,11,汐止,平溪,NWT160587,160587,F905假日去程延駛平溪,0,16254,0610,2110
NWT16997,16997,586,11,保長里,汐止,NWT159015,159015,586,0,16188,0630,2130
NWT16997,16997,586,11,保長里,汐止,NWT159015,159015,586,1,16188,0630,2130
NWT16999,16999,F907,11,汐止,汐止,NWT158126,158126,F907,0,16254,0600,2100
NWT16999,16999,F907,11,汐止,汐止,NWT161697,161697,F907延國泰醫院(建成路),0,16254,0600,2100
NWT16999,16999,F907,11,汐止,汐止,NWT161767,161767,F907延汐止公園(對面),0,16254,0600,2100
NWT17001,17001,587,11,汐止,瑞士山莊,NWT158128,158128,587,0,16188,0540,2200
NWT17001,17001,587,11,汐止,瑞士山莊,NWT158128,158128,587,1,16188,0540,2200
NWT17001,17001,587,11,汐止,瑞士山莊,NWT159016,159016,587繞,0,16188,0540,2200
NWT17001,17001,587,11,汐止,瑞士山莊,NWT159016,159016,587繞,1,16188,0540,2200
NWT17003,17003,F909,11,汐止,五指山森林公園,NWT158130,158130,F909汐止,0,16254,0600,2115
NWT17003,17003,F909,11,汐止,五指山森林公園,NWT159019,159019,F909八連溪谷公園,1,16254,0625,2130
NWT17003,17003,F909,11,汐止,五指山森林公園,NWT160267,160267,F909五指山森林公園,1,16254,0625,2130
NWT17003,17003,F909,11,汐止,五指山森林公園,NWT160268,160268,F909國家公園別墅,1,16254,0625,2130
NWT17005,17005,F910,11,汐止,翠柏新村,NWT158132,158132,F910翠柏到汐止(中間不停),1,16254,0620,1720
NWT17005,17005,F910,11,汐止,翠柏新村,NWT159020,159020,F910汐止到翠柏(中間不停),0,16254,0530,1630
NWT17005,17005,F910,11,汐止,翠柏新村,NWT161737,161737,F910汐止到五指山(中間停),0,16254,0530,1630
NWT17005,17005,F910,11,汐止,翠柏新村,NWT161738,161738,F910五指山到汐止(中間停),1,16254,0620,1720
NWT17005,17005,F910,11,汐止,翠柏新村,NWT161739,161739,F910汐止到五指山(中間不停),0,16254,0530,1630
NWT17005,17005,F910,11,汐止,翠柏新村,NWT161740,161740,F910五指山到汐止(中間不停),1,16254,0620,1720
NWT17007,17007,F911,11,汐止,天秀宮,NWT158134,158134,F911汐止,0,16254,0550,2000
NWT17007,17007,F911,11,汐止,天秀宮,NWT159021,159021,F911天秀宮,1,16254,0605,2015
NWT17007,17007,F911,11,汐止,天秀宮,NWT159968,159968,F911五谷金聖殿,1,16254,0605,2015
NWT17009,17009,589,11,五堵站,南港車站,NWT158136,158136,589,0,16188,0615,1900
NWT17009,17009,589,11,五堵站,南港車站,NWT158136,158136,589,1,16188,0615,1900
NWT17011,17011,F913延,11,國泰醫院,忠三街口,NWT158138,158138,F913延國泰醫院,0,16254,0625,1810
NWT17011,17011,F913延,11,國泰醫院,忠三街口,NWT158139,158139,F913延忠三街口,1,16254,0705,1855
NWT17013,17013,F915,11,汐止公園,金龍國小,NWT158140,158140,F915汐止公園,0,16254,0610,2020
NWT17013,17013,F915,11,汐止公園,金龍國小,NWT159022,159022,F915北峰里,1,16254,0645,2050
NWT17015,17015,677副,11,汐止社后,金龍寺,NWT158142,158142,677副,0,16187,0615,1740
NWT17015,17015,677副,11,汐止社后,金龍寺,NWT158142,158142,677副,1,16187,0615,1740
NWT17016,17016,590,11,博市社區,南港車站,NWT158143,158143,590,0,16188,0600,2000
NWT17016,17016,590,11,博市社區,南港車站,NWT158143,158143,590,1,16188,0600,2000
NWT17017,17017,591,11,水蓮山莊,南港車站,NWT158144,158144,591,0,"16188, 16189",0630,2100
NWT17017,17017,591,11,水蓮山莊,南港車站,NWT158144,158144,591,1,"16188, 16189",0630,2100
NWT17292,17292,945,11,林口,松山機場,NWT158421,158421,945,0,16179,0540,2200
NWT17292,17292,945,11,林口,松山機場,NWT158421,158421,945,1,16179,0540,2200
NWT17293,17293,946,11,林口,內湖科技園區,NWT158422,158422,946,0,16179,0540,2200
NWT17293,17293,946,11,林口,內湖科技園區,NWT158422,158422,946,1,16179,0540,2200
NWT17294,17294,946副,11,林口,內湖科技園區,NWT158423,158423,946副,0,16179,0630,1900
NWT17294,17294,946副,11,林口,內湖科技園區,NWT158423,158423,946副,1,16179,0630,1900
NWT17300,17300,624,11,新店,西門,NWT158429,158429,624,0,16176,0515,2230
NWT17300,17300,624,11,新店,西門,NWT158429,158429,624,1,16176,0515,2230
NWT17304,17304,985萬大樹林先導公車,11,新莊,捷運龍山寺站,NWT158433,158433,985萬大樹林先導公車,0,16179,0515,2200
NWT17304,17304,985萬大樹林先導公車,11,新莊,捷運龍山寺站,NWT158433,158433,985萬大樹林先導公車,1,16179,0515,2200
NWT17311,17311,藍41延和,11,捷運海山站,捷運永安市場站,NWT158451,158451,藍41延和,0,16190,0600,2230
NWT17311,17311,藍41延和,11,捷運海山站,捷運永安市場站,NWT158451,158451,藍41延和,1,16190,0600,2230
NWT17332,17332,藍21副,11,汐止社后,南港車站,NWT158474,158474,藍21副,0,16187,0615,1900
NWT17332,17332,藍21副,11,汐止社后,南港車站,NWT158474,158474,藍21副,1,16187,0615,1900
NWT17360,17360,藍1,11,蘆洲,臺北車站,NWT158507,158507,藍1,0,16179,0600,2300
NWT17360,17360,藍1,11,蘆洲,臺北車站,NWT158507,158507,藍1,1,16179,0600,2300
NWT17391,17391,F932-0600,11,金山區公所,金山區公所,NWT158545,158545,F932-0600,0,16253,0600,0600
NWT17392,17392,F932-1630,11,金山區公所,清泉鎮天宮,NWT158546,158546,F932-1630,0,16253,1630,1630
NWT17393,17393,F932-0820,11,金山區公所,月眉,NWT158547,158547,F932-0820,0,16253,0820,0820
NWT17394,17394,F932-0950,11,臺大醫院金山分院,金山區公所,NWT158548,158548,F932-0950,0,16253,0950,0950
NWT17395,17395,F932-1110,11,臺大醫院金山分院,礦溪橋,NWT158549,158549,F932-1110,0,16253,1110,1110
NWT17424,17424,F919,11,水晶山莊,北峰里,NWT158578,158578,F919水晶山莊,0,16254,0620,1930
NWT17424,17424,F919,11,水晶山莊,北峰里,NWT159030,159030,F919北峰里,1,16254,0645,1955
NWT17425,17425,F919去延,11,水晶山莊,北峰里,NWT158579,158579,F919去延,0,16254,1200,1310
NWT17432,17432,F920,11,汐止,平溪,NWT158587,158587,F920汐止,0,16254,1110,1110
NWT17432,17432,F920,11,汐止,平溪,NWT159023,159023,F920平溪,1,16254,1200,1200
NWT17433,17433,F920延,11,汐止,嶺腳車站,NWT158588,158588,F920延汐止,0,16254,0540,1610
NWT17433,17433,F920延,11,汐止,嶺腳車站,NWT159024,159024,F920延嶺腳車站,1,16254,0635,1705
NWT17465,17465,F932-0630,11,金山區公所,金山區公所,NWT158621,158621,F932-0630,0,16253,0630,0630
NWT17466,17466,棕7綠野香坡,11,新店,臺北市政府,NWT158622,158622,棕7綠野香坡,0,16176,0600,1930
NWT17466,17466,棕7綠野香坡,11,新店,臺北市政府,NWT158622,158622,棕7綠野香坡,1,16176,0600,1930
NWT17479,17479,290副萬和,11,興隆站,溪園路,NWT158635,158635,290副萬和,0,16181,0900,1400
NWT17479,17479,290副萬和,11,興隆站,溪園路,NWT158635,158635,290副萬和,1,16181,0900,1400
NWT17482,17482,666皇帝殿,11,景福街,皇帝殿,NWT158638,158638,666皇帝殿,0,16181,0630,1930
NWT17482,17482,666皇帝殿,11,景福街,皇帝殿,NWT158638,158638,666皇帝殿,1,16181,0630,1930
NWT17483,17483,666烏塗窟,11,景福街,烏塗窟,NWT158639,158639,666烏塗窟,0,16181,0500,2200
NWT17483,17483,666烏塗窟,11,景福街,烏塗窟,NWT158639,158639,666烏塗窟,1,16181,0500,2200
NWT17500,17500,790漁港,11,金山南勢,基隆,NWT158663,158663,790漁港金山(南勢),0,16190,0600,2030
NWT17500,17500,790漁港,11,金山南勢,基隆,NWT158921,158921,790漁港城隍廟,1,16190,0655,2120
NWT17500,17500,790漁港,11,金山南勢,基隆,NWT161267,161267,790漁港(疫情用暫停營運),0,16190,0600,2030
NWT17500,17500,790漁港,11,金山南勢,基隆,NWT161267,161267,790漁港(疫情用暫停營運),1,16190,0655,2120
NWT17501,17501,788海科館,11,基隆,金瓜石,NWT158664,158664,788去海科館,0,16190,0710,1630
NWT17501,17501,788海科館,11,基隆,金瓜石,NWT160827,160827,788返海科館,1,16190,0900,1600
NWT17513,17513,583,11,五林路口,榮總,NWT158679,158679,583五林路口,0,16224,0650,1250
NWT17513,17513,583,11,五林路口,榮總,NWT159229,159229,583榮總,1,16224,0830,1430
NWT17515,17515,778,11,三峽,白雞,NWT158683,158683,778,0,16176,0550,1910
NWT17515,17515,778,11,三峽,白雞,NWT158683,158683,778,1,16176,0550,1910
NWT17516,17516,藍18,11,中和,新莊,NWT158684,158684,藍18中和站,0,"16176, 16177",0600,2300
NWT17516,17516,藍18,11,中和,新莊,NWT159204,159204,藍18新莊田徑場(中和里),1,"16176, 16177",0600,2300
NWT17517,17517,99,11,新莊,板橋,NWT158685,158685,99民安站,0,"16176, 16177",0530,2200
NWT17517,17517,99,11,新莊,板橋,NWT158936,158936,99亞東技術學院(南雅南路),1,"16176, 16177",0530,2200
NWT17518,17518,845,11,新莊,捷運新埔站,NWT158686,158686,845,0,"16176, 16177",0630,2100
NWT17518,17518,845,11,新莊,捷運新埔站,NWT158686,158686,845,1,"16176, 16177",0630,2100
NWT17518,17518,845,11,新莊,捷運新埔站,NWT159610,159610,845寵物公車,0,16177,0630,2100
NWT17518,17518,845,11,新莊,捷運新埔站,NWT159610,159610,845寵物公車,1,16177,0630,2100
NWT17519,17519,916,11,三峽,捷運永寧站,NWT158687,158687,916,0,"16176, 16177",0530,2330
NWT17519,17519,916,11,三峽,捷運永寧站,NWT158687,158687,916,1,"16176, 16177",0530,2330
NWT17519,17519,916,11,三峽,捷運永寧站,NWT159529,159529,916中華路口(車機),1,"16176, 16177",0530,2330
NWT17519,17519,916,11,三峽,捷運永寧站,NWT161567,161567,916三峽國小(三鶯國民運動中心)(車機),0,"16176, 16177",0530,2330
NWT17523,17523,806,11,板橋,蘆洲,NWT158691,158691,806板橋後站,0,"16176, 16179",0530,2200
NWT17523,17523,806,11,板橋,蘆洲,NWT158923,158923,806蘆洲總站,1,"16176, 16179",0530,2210
NWT17524,17524,805,11,土城,五股,NWT158692,158692,805捷運永寧站,0,"16176, 16179",0530,2200
NWT17524,17524,805,11,土城,五股,NWT158922,158922,805五股站,1,"16176, 16179",0530,2200
NWT17525,17525,823,11,舊莊,汐止,NWT158693,158693,823,0,"16176, 16182",0530,2300
NWT17525,17525,823,11,舊莊,汐止,NWT158693,158693,823,1,"16176, 16182",0530,2300
NWT17526,17526,813,11,五股,中和,NWT158694,158694,813(暫停營運),0,"16185, 16187",0530,2230
NWT17526,17526,813,11,五股,中和,NWT158694,158694,813(暫停營運),1,"16185, 16187",0530,2230
NWT17526,17526,813,11,五股,中和,NWT159276,159276,813五股站,0,"16185, 16187",0530,2230
NWT17526,17526,813,11,五股,中和,NWT159277,159277,813中和站,1,"16185, 16187",0530,2230
NWT17527,17527,813區,11,中和,行政院新莊聯合辦公大樓,NWT158695,158695,813區,0,16187,0615,1700
NWT17527,17527,813區,11,中和,行政院新莊聯合辦公大樓,NWT158695,158695,813區,1,16187,0615,1700
NWT17528,17528,862,11,基隆,淡水,NWT158696,158696,862城隍廟,0,"16186, 16190",0600,2000
NWT17528,17528,862,11,基隆,淡水,NWT158697,158697,862捷運淡水站,1,"16186, 16190",0550,2030
NWT17528,17528,862,11,基隆,淡水,NWT159988,159988,862寵物公車城隍廟,0,"16186, 16190",0600,2000
NWT17528,17528,862,11,基隆,淡水,NWT159989,159989,862寵物公車捷運淡水站,1,"16186, 16190",0550,2030
NWT17530,17530,716(台灣好行-皇冠北海岸線),11,捷運淡水站,野柳地質公園,NWT158698,158698,716捷運淡水站不繞,0,16186,0900,1500
NWT17530,17530,716(台灣好行-皇冠北海岸線),11,捷運淡水站,野柳地質公園,NWT158904,158904,716捷運淡水站,0,16186,0900,1500
NWT17530,17530,716(台灣好行-皇冠北海岸線),11,捷運淡水站,野柳地質公園,NWT159899,159899,716野柳地質公園,1,16186,1100,1700
NWT17530,17530,716(台灣好行-皇冠北海岸線),11,捷運淡水站,野柳地質公園,NWT159900,159900,716野柳地質公園不繞,1,16186,1100,1700
NWT17532,17532,918,11,泰山,新店,NWT158700,158700,918,0,"16185, 16189",0530,2230
NWT17532,17532,918,11,泰山,新店,NWT158700,158700,918,1,"16185, 16189",0530,2230
NWT17532,17532,918,11,泰山,新店,NWT158701,158701,918三民路,0,"16185, 16189",0530,2230
NWT17532,17532,918,11,泰山,新店,NWT158701,158701,918三民路,1,"16185, 16189",0530,2230
NWT17532,17532,918,11,泰山,新店,NWT159492,159492,918返程不繞黎明,0,"16185, 16189",0530,2230
NWT17532,17532,918,11,泰山,新店,NWT159492,159492,918返程不繞黎明,1,"16185, 16189",0530,2230
NWT17532,17532,918,11,泰山,新店,NWT159686,159686,918三民路不繞黎明,0,"16185, 16189",0530,2230
NWT17532,17532,918,11,泰山,新店,NWT159686,159686,918三民路不繞黎明,1,"16185, 16189",0530,2230
NWT17532,17532,918,11,泰山,新店,NWT159687,159687,918不繞黎明和三民路,0,"16185, 16189",0530,2230
NWT17532,17532,918,11,泰山,新店,NWT159687,159687,918不繞黎明和三民路,1,"16185, 16189",0530,2230
NWT17534,17534,933,11,三重,動物園,NWT158702,158702,933,0,"16185, 16189",0530,2200
NWT17534,17534,933,11,三重,動物園,NWT158702,158702,933,1,"16185, 16189",0530,2200
NWT17536,17536,927,11,三重,八里,NWT158704,158704,927,0,"16177, 16179, 16186",0550,2230
NWT17536,17536,927,11,三重,八里,NWT158704,158704,927,1,"16177, 16179, 16186",0550,2230
NWT17536,17536,927,11,三重,八里,NWT161557,161557,927自然公園(車機),0,"16177, 16179, 16186",0550,2230
NWT17536,17536,927,11,三重,八里,NWT161558,161558,927水興公(車機),1,"16177, 16179, 16186",0550,2230
NWT17537,17537,928,11,三重,八里,NWT158705,158705,928自然公園,0,"16179, 16186",1815,2330
NWT17537,17537,928,11,三重,八里,NWT158942,158942,928廖添丁廟,1,"16179, 16186",0520,0626
NWT17545,17545,927經台北港,11,三重,八里,NWT158713,158713,927經台北港,0,"16177, 16179, 16186",0724,1615
NWT17545,17545,927經台北港,11,三重,八里,NWT158713,158713,927經台北港,1,"16177, 16179, 16186",0724,1710
NWT17546,17546,F237副,11,未來城社區,麗園國小,NWT158715,158715,F237副未來城社區,0,16235,0710,0710
NWT17546,17546,F237副,11,未來城社區,麗園國小,NWT159025,159025,F237副麗園國小,1,16235,1215,1610
NWT17548,17548,951,11,汐止,新店,NWT158717,158717,951汐止站,0,"16185, 16189",0600,2130
NWT17548,17548,951,11,汐止,新店,NWT158944,158944,951及人中學,1,"16185, 16189",0600,2130
NWT17552,17552,F919八連,11,八連溪谷公園,北峰里,NWT158722,158722,F919八連溪谷公園,0,16254,1730,1830
NWT17552,17552,F919八連,11,八連溪谷公園,北峰里,NWT159026,159026,F919八連金龍國小,1,16254,0845,1800
NWT17553,17553,F919八連去延,11,八連溪谷公園,北峰里,NWT158723,158723,F919八連去延,0,16254,0920,1030
NWT17557,17557,897,11,景文科技大學,板橋,NWT158727,158727,897,0,16185,0600,2155
NWT17557,17557,897,11,景文科技大學,板橋,NWT158727,158727,897,1,16185,0600,2155
NWT17559,17559,F212副,11,泰山公有市場,貿商國宅,NWT158729,158729,F212副,0,16233,0640,1820
NWT17565,17565,F812,11,十三層老樹,內盤山,NWT158735,158735,F812十三層老樹,0,16249,0630,1600
NWT17565,17565,F812,11,十三層老樹,內盤山,NWT159028,159028,F812盤山坑路,1,16249,0730,1700
NWT17567,17567,F813,11,雙溪,瑞芳,NWT158737,158737,F813澳底,0,16249,0631,1630
NWT17567,17567,F813,11,雙溪,瑞芳,NWT160887,160887,F813雙溪火車站,0,16249,0631,1630
NWT17568,17568,F913,11,國泰醫院,北山里伊士曼(明峰街),NWT158738,158738,F913國泰醫院,0,16254,0605,2120
NWT17568,17568,F913,11,國泰醫院,北山里伊士曼(明峰街),NWT158739,158739,F913北山里伊士曼(明峰街)/木南煤礦,1,16254,0640,2155
NWT17570,17570,947,11,淡水,板橋,NWT158740,158740,947,0,"16185, 16186",0530,2230
NWT17570,17570,947,11,淡水,板橋,NWT158740,158740,947,1,"16185, 16186",0530,2230
NWT17570,17570,947,11,淡水,板橋,NWT159322,159322,947新市站(車機),0,"16185, 16186",0530,2230
NWT17570,17570,947,11,淡水,板橋,NWT159323,159323,947新北板橋公車站(車機),1,"16185, 16186",0530,2230
NWT17575,17575,953,11,金山(南勢),臺大計資中心,NWT158745,158745,953,0,16190,0600,1900
NWT17575,17575,953,11,金山(南勢),臺大計資中心,NWT158745,158745,953,1,16190,0600,1900
NWT17576,17576,952,11,板橋,南崁,NWT158746,158746,952新北板橋公車站,0,"16177, 16278",0540,2300
NWT17576,17576,952,11,板橋,南崁,NWT159214,159214,952南上路口,1,"16177, 16278",0540,2300
NWT17621,17621,853跳蛙,11,三芝,捷運紅樹林站,NWT158793,158793,853跳蛙,0,16186,0630,0630
NWT17623,17623,F723石嘈,11,坪林國中,保安宮,NWT158798,158798,F723石嘈,0,16247,0920,0930
NWT17624,17624,F703,11,頂好社區,莒光路87巷土地公廟,NWT158799,158799,F703,0,16181,0820,1800
NWT17624,17624,F703,11,頂好社區,莒光路87巷土地公廟,NWT158799,158799,F703,1,16181,0820,1800
NWT17625,17625,898,11,龍壽里,長庚醫院,NWT158801,158801,898,0,16179,0500,2100
NWT17625,17625,898,11,龍壽里,長庚醫院,NWT158801,158801,898,1,16179,0500,2100
NWT17631,17631,F301,11,三重區公所,中山藝術公園,NWT158807,158807,F301,0,16236,0630,1730
NWT17663,17663,F205,11,福興里站,林口長庚醫院,NWT158839,158839,F205福興里,0,16232,0730,1300
NWT17663,17663,F205,11,福興里站,林口長庚醫院,NWT158963,158963,F205林口長庚醫院,1,16232,0730,1300
NWT17664,17664,F206,11,新泰活動中心站,林口長庚醫院,NWT158840,158840,F206新泰活動中心,0,16232,0700,0800
NWT17664,17664,F206,11,新泰活動中心站,林口長庚醫院,NWT158964,158964,F206林口長庚醫院,1,16232,1000,1600
NWT17665,17665,F207,11,福營行政大樓站,林口長庚醫院,NWT158841,158841,F207福營行政大樓,0,16232,0650,1300
NWT17665,17665,F207,11,福營行政大樓站,林口長庚醫院,NWT158965,158965,F207林口長庚醫院,1,16232,1000,1630
NWT17668,17668,982,11,新莊,新店,NWT158844,158844,982,0,"16177, 16182",0530,2230
NWT17668,17668,982,11,新莊,新店,NWT158844,158844,982,1,"16177, 16182",0530,2230
NWT17671,17671,林口-捷運圓山站,11,林口,捷運圓山站,NWT158849,158849,林口-捷運圓山站去,0,16179,0620,1730
NWT17671,17671,林口-捷運圓山站,11,林口,捷運圓山站,NWT158907,158907,林口-捷運圓山站返,1,16179,1730,1830
NWT17672,17672,577,11,板橋後站,捷運府中站,NWT158850,158850,577,0,16176,0630,2030
NWT17672,17672,577,11,板橋後站,捷運府中站,NWT158850,158850,577,1,16176,0630,2030
NWT17679,17679,982區,11,新莊,捷運新埔站,NWT158858,158858,982區,0,"16177, 16182",0635,1730
NWT17679,17679,982區,11,新莊,捷運新埔站,NWT158858,158858,982區,1,"16177, 16182",0635,1730
NWT17680,17680,982直達,11,捷運大坪林站,行政院新莊聯合辦公大樓,NWT158859,158859,982直達捷運大坪林站,0,"16177, 16182",0730,0730
NWT17680,17680,982直達,11,捷運大坪林站,行政院新莊聯合辦公大樓,NWT158934,158934,982直達行政院新莊聯合辦公大樓(榮華),1,"16177, 16182",1820,1820
NWT17682,17682,F501,11,樹林,板橋,NWT158861,158861,F501樹林藝文綜合行政大樓,0,16176,0610,2200
NWT17682,17682,F501,11,樹林,板橋,NWT158861,158861,F501樹林藝文綜合行政大樓,1,16176,0610,2200
NWT17682,17682,F501,11,樹林,板橋,NWT159569,159569,F501崑崙里,0,16176,0610,2200
NWT17682,17682,F501,11,樹林,板橋,NWT159569,159569,F501崑崙里,1,16176,0610,2200
NWT17683,17683,585,11,浮洲地區,捷運府中站,NWT158862,158862,585,0,16176,0600,2100
NWT17683,17683,585,11,浮洲地區,捷運府中站,NWT158862,158862,585,1,16176,0600,2100
NWT17687,17687,982直達新埔線,11,捷運新埔站,行政院新莊聯合辦公大樓,NWT158865,158865,982直達新埔線捷運新埔站,0,"16177, 16182",0720,1900
NWT17687,17687,982直達新埔線,11,捷運新埔站,行政院新莊聯合辦公大樓,NWT158935,158935,982直達新埔線行政院新莊聯合辦公大樓(榮華),1,"16177, 16182",0720,1900
NWT17689,17689,三峽-捷運永寧站,11,三峽,捷運永寧站,NWT158867,158867,三峽-捷運永寧站,0,"16176, 16177",0650,0710
NWT17692,17692,791繞貢寮,11,國家新城,福隆,NWT158874,158874,791繞貢寮國家新城,0,16190,0500,1500
NWT17692,17692,791繞貢寮,11,國家新城,福隆,NWT159191,159191,791繞貢寮福隆,1,16190,0710,2030
NWT17693,17693,F815嶺頭觀目,11,雙溪火車站,灣潭,NWT158875,158875,F815嶺頭觀目,0,16249,0610,0610
NWT17694,17694,F139行經101線,11,三芝國中,捷運淡水站,NWT158876,158876,F139行經101線三芝國中,0,16229,1955,1955
NWT17694,17694,F139行經101線,11,三芝國中,捷運淡水站,NWT158960,158960,F139行經101線捷運淡水站,1,16229,2215,2215
NWT17696,17696,849屈尺社區,11,烏來,臺北,NWT158879,158879,849屈尺社區,0,16178,0530,1645
NWT17696,17696,849屈尺社區,11,烏來,臺北,NWT158879,158879,849屈尺社區,1,16178,0530,1645
NWT17699,17699,F823區,11,南山社區,東興宮,NWT158882,158882,F823區南山社區,0,16250,0630,1510
NWT17699,17699,F823區,11,南山社區,東興宮,NWT158968,158968,F823區東興宮,1,16250,0730,1600
NWT17700,17700,藍43延南天母,11,三峽,捷運永寧站,NWT158883,158883,藍43延,0,16176,0830,1720
NWT17700,17700,藍43延南天母,11,三峽,捷運永寧站,NWT158883,158883,藍43延,1,16176,0830,1720
NWT17706,17706,897區,11,景文科技大學,捷運景安站,NWT158889,158889,897區,0,16185,0650,2100
NWT17706,17706,897區,11,景文科技大學,捷運景安站,NWT158889,158889,897區,1,16185,0650,2100
NWT17711,17711,三峽-捷運台大醫院站,11,三峽,捷運臺大醫院站,NWT158894,158894,三峽-捷運台大醫院站,0,16176,0630,1740
NWT17711,17711,三峽-捷運台大醫院站,11,三峽,捷運臺大醫院站,NWT158894,158894,三峽-捷運台大醫院站,1,16176,0630,1740
NWT17714,17714,F657,11,昌福國小,長庚總院,NWT158897,158897,F657昌福國小,0,16244,0630,1600
NWT17714,17714,F657,11,昌福國小,長庚總院,NWT158969,158969,F657長庚醫院(總院),1,16244,0730,1700
NWT17717,17717,932繞國家教育研究院,11,三峽北大社區,新北板橋公車站,NWT158900,158900,932繞,0,16176,1750,1750
NWT17718,17718,791經貢寮區衛生,11,國家新城,福隆,NWT158901,158901,791經貢寮區衛生國家新城,0,16190,0610,1000
NWT17718,17718,791經貢寮區衛生,11,國家新城,福隆,NWT159190,159190,791經貢寮區衛生福隆,1,16190,1030,1145
NWT17719,17719,786區,11,華亞園區,捷運新莊站,NWT158902,158902,786區,0,16179,0540,0600
NWT17719,17719,786區,11,華亞園區,捷運新莊站,NWT158902,158902,786區,1,16179,0540,0600
NWT17720,17720,939跳蛙,11,三峽,臺北市政府,NWT158908,158908,939跳蛙,0,16176,0700,0730
NWT17733,17733,F932-0715,11,金山區公所,金山區公所,NWT159036,159036,F932-0715,0,16253,0715,0715
NWT17775,17775,908延,11,三峽,捷運景安站,NWT159119,159119,908延,0,16176,0630,0730
NWT17789,17789,960,11,捷運新莊站,捷運新莊副都心站,NWT159134,159134,960,0,16179,0600,1830
NWT17789,17789,960,11,捷運新莊站,捷運新莊副都心站,NWT159134,159134,960,1,16179,0600,1830
NWT17790,17790,958,11,捷運先嗇宮站,捷運新北產業園區站,NWT159135,159135,958,0,16179,0600,1900
NWT17790,17790,958,11,捷運先嗇宮站,捷運新北產業園區站,NWT159135,159135,958,1,16179,0600,1900
NWT17791,17791,959,11,捷運先嗇宮站,捷運新北產業園區站,NWT159136,159136,959,0,16179,0600,1900
NWT17791,17791,959,11,捷運先嗇宮站,捷運新北產業園區站,NWT159136,159136,959,1,16179,0600,1900
NWT17802,17802,854,11,華亞園區,寶林路,NWT159147,159147,854,0,16179,0600,2100
NWT17802,17802,854,11,華亞園區,寶林路,NWT159147,159147,854,1,16179,0600,2100
NWT17806,17806,899,11,捷運蘆洲站,捷運新北產業園區站,NWT159151,159151,899,0,16179,0600,2300
NWT17806,17806,899,11,捷運蘆洲站,捷運新北產業園區站,NWT159151,159151,899,1,16179,0600,2300
NWT17809,17809,F132經青山,11,二號倉庫,二坪頂,NWT159154,159154,F132二號倉庫,0,16229,0850,1300
NWT17809,17809,F132經青山,11,二號倉庫,二坪頂,NWT159155,159155,F132示範公墓,1,16229,0850,1300
NWT17811,17811,林口-內湖科技園區,11,林口,內湖園區,NWT159157,159157,林口-內湖科技園區,0,16179,0705,0705
NWT17812,17812,新店-汐止,11,新店,汐止,NWT159158,159158,新店-汐止去,0,16189,0740,0740
NWT17812,17812,新店-汐止,11,新店,汐止,NWT159160,159160,新店-汐止返,1,16189,1800,1800
NWT17813,17813,泰山-內湖,11,泰山,內湖,NWT159159,159159,泰山-內湖去,0,16189,0700,0715
NWT17813,17813,泰山-內湖,11,泰山,內湖,NWT159161,159161,泰山-內湖返,1,16189,1810,1830
NWT17814,17814,淡水-內湖科技園區,11,淡水,內湖科技園區,NWT159162,159162,淡水-內湖科技園區,0,16186,0640,0640
NWT17815,17815,淡水-國道1號-南港車站,11,淡水,南港車站,NWT159163,159163,淡水-國道1號-南港車站,0,16186,0650,0700
NWT17824,17824,886區,11,瑞芳,水湳洞,NWT159184,159184,886區瑞芳火車站,0,16190,0825,1730
NWT17824,17824,886區,11,瑞芳,水湳洞,NWT159185,159185,886區水湳洞,1,16190,0850,1745
NWT17824,17824,886區,11,瑞芳,水湳洞,NWT159186,159186,886區繞,0,16190,0825,1730
NWT17832,17832,直潭里線,11,下石厝路,新店捷運站,NWT159205,159205,水源區直潭里去,0,16245,0620,1905
NWT17832,17832,直潭里線,11,下石厝路,新店捷運站,NWT159206,159206,水源區直潭里返,1,16245,0700,1830
NWT17835,17835,林口-板橋,11,林口站,捷運府中站,NWT159209,159209,林口-板橋,0,16176,0645,0645
NWT17836,17836,F933-0635,11,金山區公所,金山區公所,NWT159279,159279,F933-0635,0,16253,0635,0635
NWT17837,17837,F933-0920,11,臺大醫院金山分院,金山區公所,NWT159280,159280,F933-0920,0,16253,0920,0920
NWT17838,17838,894,11,淡海新市鎮,捷運淡水站,NWT159212,159212,894,0,16186,0630,2200
NWT17838,17838,894,11,淡海新市鎮,捷運淡水站,NWT159212,159212,894,1,16186,0630,2200
NWT17839,17839,F933-1030,11,金山區公所,臺大醫院金山分院,NWT159281,159281,F933-1030,0,16253,1030,1030
NWT17840,17840,F933-1130,11,臺大醫院金山分院,金山區公所,NWT159282,159282,F933-1130,0,16253,1130,1130
NWT17841,17841,F933-1330,11,金山區公所,臺大醫院金山分院,NWT159283,159283,F933-1330,0,16253,1330,1330
NWT17842,17842,F933-1430,11,臺大醫院金山分院,臺大醫院金山分院,NWT159284,159284,F933-1430,0,16253,1430,1430
NWT17843,17843,F933-1530,11,臺大醫院金山分院,金山區公所,NWT159285,159285,F933-1530,0,16253,1530,1530
NWT17845,17845,953區,11,金山,北科大,NWT159218,159218,953區,0,16190,0540,2100
NWT17845,17845,953區,11,金山,北科大,NWT159218,159218,953區,1,16190,0540,2100
NWT17846,17846,鶯歌火車站-中正紀念堂,11,鶯歌火車站,中正紀念堂,NWT159224,159224,鶯歌火車站-中正紀念堂,0,16176,0650,0650
NWT17847,17847,鶯歌火車站-松山機場,11,鶯歌火車站,松山機場,NWT159225,159225,鶯歌火車站-松山機場,0,16176,0645,0700
NWT17865,17865,789區,11,基隆火車站,北基新城,NWT159262,159262,789區城隍廟,0,16190,0730,2200
NWT17865,17865,789區,11,基隆火車站,北基新城,NWT159263,159263,789區北基新城,1,16190,0645,2230
NWT17866,17866,林口(文化三路)-捷運圓山站,11,林口(文化三路),捷運圓山站,NWT159267,159267,林口(文化三路)-捷運圓山站去,0,16182,0630,1835
NWT17866,17866,林口(文化三路)-捷運圓山站,11,林口(文化三路),捷運圓山站,NWT159268,159268,林口(文化三路)-捷運圓山站返,1,16182,0720,1845
NWT17868,17868,638副,11,五股,捷運輔大站,NWT159290,159290,638副,0,16179,0600,2200
NWT17868,17868,638副,11,五股,捷運輔大站,NWT159290,159290,638副,1,16179,0600,2200
NWT17871,17871,淡水新市鎮-板橋,11,淡水新市鎮,板橋,NWT159300,159300,淡水新市鎮-板橋,0,16186,0710,0710
NWT17873,17873,新店高中-三峽,11,新店高中,三峽,NWT159302,159302,新店高中-三峽,0,16176,1710,1710
NWT17889,17889,824,11,歡仔園,新北板橋公車站,NWT159341,159341,824,0,16176,0600,2200
NWT17889,17889,824,11,歡仔園,新北板橋公車站,NWT159341,159341,824,1,16176,0600,2200
NWT17889,17889,824,11,歡仔園,新北板橋公車站,NWT159867,159867,824歡仔園(暫停營運),0,16176,0600,2200
NWT17889,17889,824,11,歡仔園,新北板橋公車站,NWT159867,159867,824歡仔園(暫停營運),1,16176,0600,2200
NWT17889,17889,824,11,歡仔園,新北板橋公車站,NWT159868,159868,824合宜路(暫停營運),0,16176,0600,2200
NWT17889,17889,824,11,歡仔園,新北板橋公車站,NWT159868,159868,824合宜路(暫停營運),1,16176,0600,2200
NWT17902,17902,瑞芳-松山車站(北客),11,瑞芳,松山車站,NWT159358,159358,瑞芳-松山車站(北客)去,0,16176,0720,0720
NWT17902,17902,瑞芳-松山車站(北客),11,瑞芳,松山車站,NWT159359,159359,瑞芳-松山車站(北客)返,1,16176,1800,1800
NWT17903,17903,瑞芳-松山車站(基客),11,瑞芳,松山車站,NWT159362,159362,瑞芳-松山車站(基客)去,0,16190,0600,1820
NWT17903,17903,瑞芳-松山車站(基客),11,瑞芳,松山車站,NWT159363,159363,瑞芳-松山車站(基客)返,1,16190,0720,2020
NWT17904,17904,瑞芳-內科(北客),11,瑞芳,內科,NWT159360,159360,瑞芳-內科(北客)去,0,16176,0710,0710
NWT17904,17904,瑞芳-內科(北客),11,瑞芳,內科,NWT159361,159361,瑞芳-內科(北客)返,1,16176,1800,1800
NWT17905,17905,三峽-內科,11,三峽,內科,NWT159364,159364,三峽-內科,0,16176,0650,0655
NWT17911,17911,瑞芳-內科(基客),11,瑞芳,內科,NWT159373,159373,瑞芳-內科(基客)去,0,16190,0640,1720
NWT17911,17911,瑞芳-內科(基客),11,瑞芳,內科,NWT159374,159374,瑞芳-內科(基客)返,1,16190,1830,1830
NWT17914,17914,F512副,11,烘爐地,光復國小,NWT159377,159377,F512副,0,16238,0630,2000
NWT17914,17914,F512副,11,烘爐地,光復國小,NWT159377,159377,F512副,1,16238,0630,2000
NWT17914,17914,F512副,11,烘爐地,光復國小,NWT159486,159486,F512副假日延,0,16238,0630,2000
NWT17914,17914,F512副,11,烘爐地,光復國小,NWT159486,159486,F512副假日延,1,16238,0630,2000
NWT17915,17915,汐止-台北101,11,汐止,台北101,NWT159385,159385,汐止-台北101,0,16188,0700,0720
NWT17916,17916,963,11,八里,板橋,NWT159386,159386,963,0,"16185, 16186",0600,2000
NWT17916,17916,963,11,八里,板橋,NWT159386,159386,963,1,"16185, 16186",0600,2000
NWT17916,17916,963,11,八里,板橋,NWT159393,159393,963直,0,"16185, 16186",0600,2000
NWT17916,17916,963,11,八里,板橋,NWT159393,159393,963直,1,"16185, 16186",0600,2000
NWT17917,17917,五股-內湖科技園區,11,五股,捷運港墘站(內湖高工),NWT159387,159387,五股-內湖科技園區去,0,16179,0710,0745
NWT17917,17917,五股-內湖科技園區,11,五股,捷運港墘站(內湖高工),NWT159388,159388,五股-內湖科技園區返,1,16179,1750,1810
NWT17918,17918,林口-臺北長庚醫院,11,醒吾科技大學,臺北長庚醫院,NWT159389,159389,林口-臺北長庚醫院,0,16179,0650,0710
NWT17919,17919,捷運景安站-三峽臺北大學,11,捷運景安站,三峽臺北大學,NWT159391,159391,捷運景安站-三峽臺北大學去,0,16176,0715,0715
NWT17919,17919,捷運景安站-三峽臺北大學,11,捷運景安站,三峽臺北大學,NWT159392,159392,捷運景安站-三峽臺北大學返,1,16176,1700,1700
NWT17922,17922,捷運蘆洲站-內湖科技園區,11,捷運蘆洲站,內湖科技園區,NWT159399,159399,捷運蘆洲站-內湖科技園區,0,"16176, 16182",0715,0800
NWT17923,17923,819副,11,景福街,雙溪口,NWT158016,158016,819副延,0,16181,0620,1920
NWT17923,17923,819副,11,景福街,雙溪口,NWT158016,158016,819副延,1,16181,0620,1920
NWT17923,17923,819副,11,景福街,雙溪口,NWT159400,159400,819副,0,16181,0620,1920
NWT17923,17923,819副,11,景福街,雙溪口,NWT159400,159400,819副,1,16181,0620,1920
NWT17930,17930,新店北新路-政大一街,11,新店北新路,政大一街,NWT159418,159418,新店北新路-政大一街去,0,16181,0720,0720
NWT17930,17930,新店北新路-政大一街,11,新店北新路,政大一街,NWT160097,160097,新店北新路-政大一街返,1,16181,1620,1620
NWT17931,17931,土城金城路-樹林大安路,11,變電所,樹人家商,NWT159420,159420,土城金城路-樹林大安路,0,16179,0730,0730
NWT17937,17937,965,11,板橋,金瓜石,NWT159432,159432,965捷運府中站(府中路),0,16176,0600,2100
NWT17937,17937,965,11,板橋,金瓜石,NWT159433,159433,965瓜山國小(戰俘營),1,16176,0600,2100
NWT17940,17940,棕7建業路,11,新店站,臺北市政府,NWT159437,159437,棕7建業路,0,16176,0600,1800
NWT17940,17940,棕7建業路,11,新店站,臺北市政府,NWT159437,159437,棕7建業路,1,16176,0600,1800
NWT17941,17941,湯泉-大坪林-湯泉,11,湯泉櫻花,湯泉櫻花,NWT159440,159440,湯泉櫻花-大坪林-湯泉櫻花,0,16181,0600,2300
NWT17941,17941,湯泉-大坪林-湯泉,11,湯泉櫻花,湯泉櫻花,NWT159602,159602,湯泉櫻花-大坪林-湯泉櫻花直達(暫停營運),0,16181,0600,2300
NWT17941,17941,湯泉-大坪林-湯泉,11,湯泉櫻花,湯泉櫻花,NWT159655,159655,湯泉櫻花-大坪林-湯泉櫻花繞,0,16181,0600,2300
NWT17942,17942,939副,11,鶯歌,臺北市政府,NWT159439,159439,939副,0,16176,0625,1700
NWT17942,17942,939副,11,鶯歌,臺北市政府,NWT159439,159439,939副,1,16176,0625,1700
NWT17945,17945,712,11,龍壽里,捷運亞東醫院站,NWT159443,159443,712,0,16179,0540,2330
NWT17945,17945,712,11,龍壽里,捷運亞東醫院站,NWT159443,159443,712,1,16179,0540,2330
NWT17948,17948,三峽-捷運府中站,11,三峽,捷運府中站,NWT159446,159446,三峽-捷運府中站,0,16176,0615,0635
NWT17958,17958,藍海2線先導公車,11,淡海新市鎮,捷運淡水站,NWT159495,159495,藍海2,0,16186,0752,1750
NWT17958,17958,藍海2線先導公車,11,淡海新市鎮,捷運淡水站,NWT159495,159495,藍海2,1,16186,0752,1750
NWT17961,17961,樹林後火車站-海洋公園,11,樹林後火車站,海洋公園,NWT159506,159506,樹林後火車站-海洋公園,0,16177,0640,0640
NWT17962,17962,三峽-臺北市信義區,11,三峽,臺北市信義區,NWT159510,159510,三峽-臺北市信義區,0,16176,0710,0740
NWT17963,17963,中和-新北板橋公車站,11,中和,新北板橋公車站,NWT159524,159524,中和-新北板橋公車站,0,16176,0640,0830
NWT17968,17968,蘆洲中正路-士林中正路,11,蘆洲總站,捷運士林站,NWT159544,159544,蘆洲中正路-士林中正路,0,16179,0650,0650
NWT17970,17970,林口-捷運府中站,11,林口,捷運府中站,NWT159547,159547,林口-捷運府中站,0,16176,0630,0700
NWT17970,17970,林口-捷運府中站,11,林口,捷運府中站,NWT160149,160149,林口-捷運府中站(經仁愛路),0,16176,0630,0700
NWT17971,17971,837副,11,捷運淡水站,福德里,NWT159548,159548,837副,0,16186,0600,2130
NWT17971,17971,837副,11,捷運淡水站,福德里,NWT159550,159550,837副繞,0,16186,0600,2130
NWT17972,17972,837區,11,捷運淡水站,竹圍,NWT159549,159549,837區,0,16186,0620,2010
NWT17972,17972,837區,11,捷運淡水站,竹圍,NWT159551,159551,837區經海月社區,0,16186,0620,2010
NWT17972,17972,837區,11,捷運淡水站,竹圍,NWT159552,159552,837區經紅樹林路,0,16186,0620,2010
NWT17972,17972,837區,11,捷運淡水站,竹圍,NWT159553,159553,837區經海月社區及福德宮,0,16186,0620,2010
NWT17975,17975,石門-捷運紅樹林站,11,石門,捷運紅樹林站,NWT159558,159558,石門-捷運紅樹林站延,0,16186,0600,0600
NWT17975,17975,石門-捷運紅樹林站,11,石門,捷運紅樹林站,NWT159559,159559,石門-捷運紅樹林站(寒暑假行駛),0,16186,0600,0600
NWT17977,17977,台北小城-大坪林,11,台北小城,大坪林,NWT159564,159564,台北小城-捷運大坪林站,0,16181,0630,1935
NWT17977,17977,台北小城-大坪林,11,台北小城,大坪林,NWT159564,159564,台北小城-捷運大坪林站,1,16181,0630,1935
NWT17990,17990,F319,11,蘆洲區公所,捷運三民高中站(復興路),NWT159582,159582,F319,0,16237,0705,1850
NWT17991,17991,F320,11,捷運三民高中站(復興路),鷺江國小(民族路),NWT159583,159583,F320,0,16237,0610,1805
NWT17992,17992,三重-內科,11,三重,內科,NWT159586,159586,三重-內科去,0,16189,0645,0645
NWT17992,17992,三重-內科,11,三重,內科,NWT159587,159587,三重-內科返,1,16189,1800,1800
NWT17994,17994,萬里-內湖科技園區,11,萬里橋頭,基湖路口,NWT159589,159589,萬里-內湖科技園區去,0,16190,0600,0840
NWT17994,17994,萬里-內湖科技園區,11,萬里橋頭,基湖路口,NWT159590,159590,萬里-內湖科技園區返,1,16190,1700,1930
NWT17996,17996,蘆洲-南港,11,捷運蘆洲站,捷運南港展覽館站,NWT159603,159603,蘆洲-南港,0,16179,0720,0720
NWT18014,18014,泰山-內湖(直達),11,泰山國小,捷運劍南路站(植福),NWT159631,159631,泰山-內湖(直達)去,0,16189,0655,0655
NWT18014,18014,泰山-內湖(直達),11,泰山國小,捷運劍南路站(植福),NWT159632,159632,泰山-內湖(直達)返,1,16189,1755,1755
NWT18017,18017,湯泉-崇光中學,11,湯泉美地,崇光中學,NWT159643,159643,湯泉-崇光女中,0,16181,0700,0700
NWT18028,18028,蘆洲-內湖,11,蘆洲總站,港墘派出所,NWT159649,159649,蘆洲-內湖,0,16179,0625,0625
NWT18041,18041,576,11,新和國小(新和街),天山公園,NWT159674,159674,576,0,16181,0600,2110
NWT18041,18041,576,11,新和國小(新和街),天山公園,NWT159675,159675,576繞,0,16181,0600,2110
NWT18042,18042,F724,11,坪林國中,厚德岡坑,NWT159683,159683,F724,0,16247,,
NWT18042,18042,F724,11,坪林國中,厚德岡坑,NWT159683,159683,F724,1,16247,,
NWT18052,18052,F922北基,11,萬里區公所,仁四街,NWT159709,159709,F922北基,0,16252,0800,1820
NWT18054,18054,新店(綠中海)-捷運新店站,11,新店站,捷運新店站(新店路),NWT159712,159712,新店(綠中海)-捷運新店站,0,16176,0535,0635
NWT18068,18068,F816,11,澳底醫療救護中心,三十一號橋,NWT159727,159727,F816,0,16249,0654,1545
NWT18068,18068,F816,11,澳底醫療救護中心,三十一號橋,NWT159727,159727,F816,1,16249,0654,1545
NWT18078,18078,湯泉-十四張-大坪林,11,湯泉,捷運十四張站,NWT159728,159728,湯泉-十四張-大坪林,0,16181,0710,1850
NWT18098,18098,788區,11,基隆,瑞芳,NWT159757,159757,788區城隍廟,0,16190,0620,1830
NWT18098,18098,788區,11,基隆,瑞芳,NWT159758,159758,788區瑞芳火車站,1,16190,0620,1745
NWT18108,18108,F825,11,分水崙,三十一號橋,NWT159767,159767,F825,0,16250,0645,1605
NWT18108,18108,F825,11,分水崙,三十一號橋,NWT159767,159767,F825,1,16250,0920,1720
NWT18108,18108,F825,11,分水崙,三十一號橋,NWT159768,159768,F825不經雙溪,0,16250,0645,1605
NWT18108,18108,F825,11,分水崙,三十一號橋,NWT159768,159768,F825不經雙溪,1,16250,0920,1720
NWT18108,18108,F825,11,分水崙,三十一號橋,NWT159769,159769,F825不經基隆(暫停營運),0,16250,0645,1605
NWT18108,18108,F825,11,分水崙,三十一號橋,NWT159769,159769,F825不經基隆(暫停營運),1,16250,0920,1720
NWT18118,18118,966,11,林口站,臺北車站(鄭州),NWT159877,159877,966,0,16179,0530,2230
NWT18118,18118,966,11,林口站,臺北車站(鄭州),NWT159877,159877,966,1,16179,0530,2230
NWT18119,18119,967,11,體育大學行政教學大樓,捷運市政府站,NWT159907,159907,967體育大學行政教學大樓,0,16179,0510,2130
NWT18119,18119,967,11,體育大學行政教學大樓,捷運市政府站,NWT159907,159907,967體育大學行政教學大樓,1,16179,0510,2130
NWT18119,18119,967,11,體育大學行政教學大樓,捷運市政府站,NWT159908,159908,967桃園酒廠,0,16179,0510,2130
NWT18119,18119,967,11,體育大學行政教學大樓,捷運市政府站,NWT159908,159908,967桃園酒廠,1,16179,0510,2130
NWT18128,18128,967直,11,體育大學行政教學大樓,捷運市政府站,NWT159910,159910,967直,0,16179,0615,1800
NWT18128,18128,967直,11,體育大學行政教學大樓,捷運市政府站,NWT159910,159910,967直,1,16179,0615,1800
NWT18148,18148,582經工業區,11,立體停車場(五股公有市場),臺北車站(鄭州),NWT159977,159977,582經工業區,0,16224,0710,1840
NWT18148,18148,582經工業區,11,立體停車場(五股公有市場),臺北車站(鄭州),NWT159977,159977,582經工業區,1,16224,0710,1840
NWT18168,18168,蘆洲-中正高中,11,蘆洲,中正高中,NWT160017,160017,蘆洲-中正高中,0,16189,0650,0650
NWT18208,18208,林口-臺北車站(承德),11,松柏蘆,臺北車站(承德),NWT160087,160087,林口-臺北車站(承德),0,16179,0620,0650
NWT18209,18209,林口-捷運忠孝敦化站,11,台北新都,忠孝敦化路口,NWT160088,160088,林口-捷運忠孝敦化站,0,16179,0705,0805
NWT18248,18248,捷運七張站-全球工業區,11,捷運七張站,全球工業區,NWT160147,160147,捷運七張站-全球工業區去,0,16176,0800,0900
NWT18248,18248,捷運七張站-全球工業區,11,捷運七張站,全球工業區,NWT160148,160148,捷運七張站-全球工業區返,1,16176,1740,1830
NWT18258,18258,712副,11,迴龍,土城醫院,NWT160167,160167,712副,0,16179,0900,1500
NWT18258,18258,712副,11,迴龍,土城醫院,NWT160167,160167,712副,1,16179,0900,1500
NWT18268,18268,橘19副,11,五股,三重,NWT160177,160177,橘19副,0,16179,0630,1900
NWT18268,18268,橘19副,11,五股,三重,NWT160177,160177,橘19副,1,16179,0630,1900
NWT18288,18288,中和自立路-新店,11,中和自立路,新店,NWT160197,160197,中和自立路-新店,0,16177,0650,0650
NWT18318,18318,918區,11,泰山,板橋,NWT160228,160228,918區,0,16189,0600,2100
NWT18318,18318,918區,11,泰山,板橋,NWT160228,160228,918區,1,16189,0600,2100
NWT18368,18368,中和左岸社區-捷運頂溪站,11,中和左岸社區,捷運頂溪站,NWT160288,160288,中和左岸社區-捷運頂溪站,0,16176,0720,0720
NWT18478,18478,中和環河西路-永和仁愛路,11,環河西路,仁愛路,NWT160417,160417,中和環河西路-永和仁愛路,0,16176,0745,0815
NWT18518,18518,F626-0815,11,三峽國小,白雞行修宮,NWT160477,160477,F626天后宮-行修宮-新市民,0,16243,0815,0815
NWT18538,18538,捷運頂溪站-捷運永寧站,11,捷運頂溪站,捷運永寧站,NWT160507,160507,捷運頂溪站-捷運永寧站,0,16176,1610,1700
NWT18538,18538,捷運頂溪站-捷運永寧站,11,捷運頂溪站,捷運永寧站,NWT160507,160507,捷運頂溪站-捷運永寧站,1,16176,1610,1700
NWT18558,18558,878區,11,八里,馬偕醫院,NWT160527,160527,878區,0,16186,0720,2100
NWT18558,18558,878區,11,八里,馬偕醫院,NWT160527,160527,878區,1,16186,0720,2100
NWT18568,18568,林口(文化北路)-捷運圓山站,11,新北特殊教育學校,捷運圓山站,NWT160537,160537,林口(文化北路)-捷運圓山站,0,16179,0630,0650
NWT18728,18728,937副,11,林口轉運站,捷運圓山站,NWT160787,160787,937副,0,16182,0640,1910
NWT18728,18728,937副,11,林口轉運站,捷運圓山站,NWT160787,160787,937副,1,16182,0640,1910
NWT18729,18729,920副,11,林口轉運站,捷運府中站,NWT160788,160788,920副,0,16176,0620,1900
NWT18729,18729,920副,11,林口轉運站,捷運府中站,NWT160788,160788,920副,1,16176,0620,1900
NWT18730,18730,966副,11,林口轉運站,臺北車站,NWT160789,160789,966副,0,16179,0630,1900
NWT18730,18730,966副,11,林口轉運站,臺北車站,NWT160789,160789,966副,1,16179,0630,1900
NWT18731,18731,967副,11,林口轉運站,仁愛敦化路口,NWT160793,160793,967副,0,16179,0630,1900
NWT18731,18731,967副,11,林口轉運站,仁愛敦化路口,NWT160793,160793,967副,1,16179,0630,1900
NWT18738,18738,760,11,林口轉運站,林口轉運站,NWT160797,160797,760,0,16179,0550,2100
NWT18758,18758,936A,11,林口(去程不繞龜山),捷運圓山站,NWT160837,160837,936A,0,16179,0700,0800
NWT18758,18758,936A,11,林口(去程不繞龜山),捷運圓山站,NWT160837,160837,936A,1,16179,0700,0800
NWT18760,18760,966A,11,林口站(去程不繞龜山),臺北車站(鄭州),NWT160839,160839,966A,0,16179,0720,0800
NWT18760,18760,966A,11,林口站(去程不繞龜山),臺北車站(鄭州),NWT160839,160839,966A,1,16179,0720,0800
NWT18762,18762,937A,11,林口(去程不繞龜山),圓山,NWT160841,160841,937A,0,16182,0600,0656
NWT18762,18762,937A,11,林口(去程不繞龜山),圓山,NWT160841,160841,937A,1,16182,0600,0656
NWT18764,18764,920A,11,林口(去程不繞龜山),捷運府中站,NWT160843,160843,920A,0,16176,0645,0715
NWT18764,18764,920A,11,林口(去程不繞龜山),捷運府中站,NWT160843,160843,920A,1,16176,0645,0715
NWT18766,18766,925A,11,林口(去程不繞龜山),蘆洲,NWT160845,160845,925A,0,16176,0700,0700
NWT18766,18766,925A,11,林口(去程不繞龜山),蘆洲,NWT160845,160845,925A,1,16176,0700,0700
NWT18778,18778,土城-南天母廣場,11,土城區公所,南天母廣場,NWT160867,160867,承天路-南天母廣場,0,16176,0620,1705
NWT18778,18778,土城-南天母廣場,11,土城區公所,南天母廣場,NWT160868,160868,南天母廣場-經土城國中-承天路,1,16176,0620,1705
NWT18778,18778,土城-南天母廣場,11,土城區公所,南天母廣場,NWT160869,160869,南天母廣場-經承天路-土城區公所,1,16176,0620,1705
NWT18778,18778,土城-南天母廣場,11,土城區公所,南天母廣場,NWT160870,160870,南天母廣場-承天路,1,16176,0620,1705
NWT18779,18779,瑞芳-南港,11,瑞芳,南港,NWT160857,160857,瑞芳-南港去,0,16190,0640,1700
NWT18779,18779,瑞芳-南港,11,瑞芳,南港,NWT160858,160858,瑞芳-南港返,1,16190,0750,1810
NWT18798,18798,捷運中和站-政大附中,11,捷運中和站,政大附中,NWT160907,160907,捷運中和站-政大附中,0,16185,0655,0655
NWT18808,18808,吉林線,11,貢寮火車站,貢寮火車站,NWT160917,160917,幸福巴士吉林線,0,16251,0750,1410
NWT18808,18808,吉林線,11,貢寮火車站,貢寮火車站,NWT160918,160918,幸福小黃吉林線,0,16251,0750,1410
NWT18809,18809,龍崗線,11,貢寮火車站,貢寮火車站,NWT160919,160919,幸福巴士龍崗線,0,16251,0645,1550
NWT18809,18809,龍崗線,11,貢寮火車站,貢寮火車站,NWT160920,160920,幸福小黃龍崗線,0,16251,0645,1550
NWT18888,18888,政大附中-捷運景美站,11,政大附中,捷運景美站,NWT161047,161047,政大附中-捷運景美站,0,16181,1715,1715
NWT18968,18968,847區繞駛土城醫院,11,樹林,捷運亞東醫院站,NWT161167,161167,847區繞駛土城醫院,0,16185,0900,1500
NWT18968,18968,847區繞駛土城醫院,11,樹林,捷運亞東醫院站,NWT161167,161167,847區繞駛土城醫院,1,16185,0900,1500
NWT19048,19048,582經洲子洋,11,立體停車場(五股公有市場),臺北車站(鄭州),NWT161347,161347,582經洲子洋,0,16224,0605,2135
NWT19048,19048,582經洲子洋,11,立體停車場(五股公有市場),臺北車站(鄭州),NWT161347,161347,582經洲子洋,1,16224,0605,2135
NWT19068,19068,紅53,11,淡海新市鎮,捷運淡水站,NWT161367,161367,紅53,0,16186,0630,2000
NWT19068,19068,紅53,11,淡海新市鎮,捷運淡水站,NWT161367,161367,紅53,1,16186,0630,0000
NWT19078,19078,瑞芳(經東碇路)-松山車站,11,瑞芳,松山車站,NWT161377,161377,瑞芳(經東碇路)-松山車站去,0,16190,0615,0800
NWT19078,19078,瑞芳(經東碇路)-松山車站,11,瑞芳,松山車站,NWT161378,161378,瑞芳(經東碇路)-松山車站返,1,16190,1730,1925
NWT19088,19088,紅37行經海洋都心社區,11,淡海新市鎮,捷運淡水站,NWT161387,161387,紅37行經海洋都心社區,0,16186,0605,2300
NWT19088,19088,紅37行經海洋都心社區,11,淡海新市鎮,捷運淡水站,NWT161387,161387,紅37行經海洋都心社區,1,16186,0605,2300
NWT19148,19148,捷運新店站-坪林,11,捷運新店站,坪林,NWT161467,161467,捷運新店站-坪林,0,16176,0650,0650
NWT19148,19148,捷運新店站-坪林,11,捷運新店站,坪林,NWT161467,161467,捷運新店站-坪林,1,16176,0650,0650
NWT19188,19188,安坑1線,11,二叭子植物園,台北小城,NWT161537,161537,安坑1線,0,"16176, 16182",0600,0000
NWT19188,19188,安坑1線,11,二叭子植物園,台北小城,NWT161537,161537,安坑1線,1,"16176, 16182",0600,0000
NWT19189,19189,安坑3線,11,綠野香坡,安忠路,NWT161538,161538,安坑3線,0,"16176, 16182",0605,0000
NWT19189,19189,安坑3線,11,綠野香坡,安忠路,NWT161538,161538,安坑3線,1,"16176, 16182",0605,0000
NWT19190,19190,安坑5線,11,五城社區,耕莘安康院區,NWT161539,161539,安坑5線,0,"16176, 16182",0600,0000
NWT19190,19190,安坑5線,11,五城社區,耕莘安康院區,NWT161539,161539,安坑5線,1,"16176, 16182",0600,0000
NWT19198,19198,安坑2線,11,黎明清境,玫瑰中國城,NWT161540,161540,安坑2線,0,"16176, 16182",0600,0000
NWT19198,19198,安坑2線,11,黎明清境,玫瑰中國城,NWT161540,161540,安坑2線,1,"16176, 16182",0600,0000
NWT19208,19208,791區,11,國家新城,瑞芳,NWT161547,161547,791區國家新城,0,16190,0515,1940
NWT19208,19208,791區,11,國家新城,瑞芳,NWT161548,161548,791區瑞芳火車站,1,16190,0615,2050
NWT19228,19228,731,11,三鶯轉運站,鶯歌火車站,NWT161587,161587,731,0,16183,0600,2300
NWT19238,19238,北大社區-捷運頂埔站,11,北大社區,捷運頂埔站,NWT161597,161597,北大社區-捷運頂埔站,0,16176,0700,0700
NWT19258,19258,F151-0655、1030,11,石門區公所,石門區公所,NWT161627,161627,F151-0655、1030,0,16231,0655,1030
NWT19259,19259,F151-1730,11,石門區公所,石門區公所,NWT161628,161628,F151-1730,0,16231,1730,1730
NWT19269,19269,F152-0950,11,老梅,老梅,NWT161638,161638,F152-0950,0,16231,0950,0950
NWT19270,19270,F152-1630,11,石門區公所,老梅,NWT161639,161639,F152-1630,0,16231,1630,1630
NWT19271,19271,F152-1740,11,老梅,老梅,NWT161640,161640,F152-1740,0,16231,1740,1740
NWT19308,19308,安坑6線,11,安泰路,輕軌雙城站,NWT161677,161677,安坑6線,0,16185,0630,2000
NWT19348,19348,福連線,11,貢寮火車站,鶯歌石,NWT161787,161787,幸福巴士福連線去,0,16251,0720,1700
NWT19348,19348,福連線,11,貢寮火車站,鶯歌石,NWT161788,161788,幸福巴士福連線返,1,16251,0600,1540
NWT5413,5413,896,11,烘內,南港車站,NWT158443,158443,896,0,16188,0600,2200
NWT5413,5413,896,11,烘內,南港車站,NWT158443,158443,896,1,16188,0600,2200
NWT5415,5415,629,11,汐止,松山車站,NWT5415,5415,629,0,16188,0530,2230
NWT5415,5415,629,11,汐止,松山車站,NWT5415,5415,629,1,16188,0530,2230
NWT5416,5416,678,11,汐止,捷運市政府,NWT5416,5416,678,0,16188,0630,1800
NWT5416,5416,678,11,汐止,捷運市政府,NWT5416,5416,678,1,16188,0630,1800
